title,company,location,link
"자바스크립트, Python 외 신입/경력 정규직, 계약직, 인턴",키친어스,서울 강남구,https://kr.indeed.com/viewjob?jk=25b0fa17d08dd0cd
Data Scientist (AI and Autonomy),BOEING,서울,https://kr.indeed.com/viewjob?jk=8e715115bcdfcd01
상반기 각 부문 신입/경력 직원,한국전자금융,서울,https://kr.indeed.com/viewjob?jk=23af8d8e2fdd7c67
각 부문별,컬리,서울 강남구,https://kr.indeed.com/viewjob?jk=84329a66291839cd
Software Engineer,Google,서울,https://kr.indeed.com/viewjob?jk=e7c8c2b11f24fb43
[ HDC 랩스 ] 2022년 상반기 경력,에이치디씨랩스,성남 분당구,https://kr.indeed.com/viewjob?jk=21d2c5a3f43370e1
[체험형 인턴] 데이터 분석,네이버,서울,https://kr.indeed.com/viewjob?jk=c7cf3ae03de76f24
HANA Development Support Engineer,SAP,서울,https://kr.indeed.com/viewjob?jk=be4f863984f41293
기술 인턴 인공지능 응용 연구/개발 인턴,써로마인드로보틱스,서울 관악구,https://kr.indeed.com/viewjob?jk=71c47ac87bb4087e
AI Frameworks Engineer Intern,Intel,서울,https://kr.indeed.com/viewjob?jk=8164d5e7100c5968
Product Engineer - MPC/MDP/MDM,Siemens,경기도 성남,https://kr.indeed.com/viewjob?jk=f317eb960a3ce005
ICT 경력사원,현대중공업그룹,성남 분당구,https://kr.indeed.com/viewjob?jk=882e071610c0a8cd
주식회사 데이터스트림즈 기술연구소 Python/Java 개발자,데이터스트림즈,성남 분당구,https://kr.indeed.com/viewjob?jk=e1f6164f1d03449a
2022년 1월 CTO R&D 경력사원 (시뮬레이션/Pack/BMS),LG에너지솔루션,과천 과천시,https://kr.indeed.com/viewjob?jk=fcde9bb33408bea7
Renewable Energy Analyst,DNV,서울,https://kr.indeed.com/viewjob?jk=cadddc1d517bc19b
"S/W 엔지니어, 데이터분석 신입/경력 정규직, 인턴",가치랩스,성남 분당구,https://kr.indeed.com/viewjob?jk=5ea9ea023c6ccc03
Sr. Corporate Application Engineer - Calibre DS,Siemens,경기도 성남,https://kr.indeed.com/viewjob?jk=20c4a5de16d47c5c
JR0186078 AI Research Engineer Intern,인텔코리아,서울,https://kr.indeed.com/viewjob?jk=016de9bb83a8032d
[한국필립모리스] 각 부문,한국필립모리스㈜,서울 영등포구,https://kr.indeed.com/viewjob?jk=112db0c64f7899b8
Machine Learning Engineer Intern - Korea,MOLOCO,서울,https://kr.indeed.com/viewjob?jk=69d3cc2cca262747
딥러닝 알고리즘 및 응용 Engineer,딥엑스,성남 분당구,https://kr.indeed.com/viewjob?jk=35f0a25dee5f3312
"인공지능(AI), Python(응용프로그램 개발자) 외 신입/경력 정규직",쿠노소프트,서울 성북구,https://kr.indeed.com/viewjob?jk=8cc372a6b78679b1
2022 데이터 사이언티스트 부문,데이타솔루션,서울 강남구,https://kr.indeed.com/viewjob?jk=5c9f84f18b1b4944
[키움투자자산운용] 자산배분전략팀 팀원 (사원~대리급),키움투자자산운용,서울 영등포구,https://kr.indeed.com/viewjob?jk=1750764e7fad99ec
Planning and Scheduling Optimization Development Engineer,어플라이드 머티리얼즈 코리아,성남 분당구,https://kr.indeed.com/viewjob?jk=9205c6ddd797cac4
"[대형증권사] LP/MM 시스템 개발 및 운영,유지보수",인코리아 프로페셔널,서울 강남구,https://kr.indeed.com/viewjob?jk=91bddba7f7620d51
현대백화점 데이터기획팀 데이터 분석/기획 경력,현대백화점,서울 삼성역,https://kr.indeed.com/viewjob?jk=7d205770c41f1c8b
전문연구요원 (병역특례) 수시 (AI / HW 분야),딥엑스,성남 분당구,https://kr.indeed.com/viewjob?jk=78e99625e5de3c95
딥러닝 AI 개발 연구원,베이리스,성남 수정구,https://kr.indeed.com/viewjob?jk=87309d3ff40ead61
2022년 2월 경력사원 (품질),LG에너지솔루션,청주 오창읍,https://kr.indeed.com/viewjob?jk=9f6ca44bd1c54a7b
Data 분야 경력,LG CNS,서울,https://kr.indeed.com/viewjob?jk=6d86e9f32d31c84f
[외국계 스타트업 미소] Business Analyst,유한회사 미소,서울,https://kr.indeed.com/viewjob?jk=51df90967b46e8f0
5G R&D 소프트웨어 개발자,Ericsson,서울,https://kr.indeed.com/viewjob?jk=df86d9b3c5f1ead7
Python Programmer,Mofac,서울 서초구,https://kr.indeed.com/viewjob?jk=df21e3bb5d773616
데이터 사이언티스트 전문가,LG전자,서울특별시,https://kr.indeed.com/viewjob?jk=485252a8f28fa0f8
"빅데이터, 인공지능(AI) 외 신입/경력 정규직",하나금융티아이,서울 강남구,https://kr.indeed.com/viewjob?jk=de354a752cd7f42e
Quantitative Research Intern,WorldQuant,서울,https://kr.indeed.com/viewjob?jk=4a0a7b36dbc554f9
"국제 경제 애널리스트 (Analyst - Data Scientist, 병특 포함)",코리아피디에스,서울 마포구,https://kr.indeed.com/viewjob?jk=c534ea87b63883bd
빅데이터 분석 기술인력 (정규직),한국정보기술단,서울 강남구,https://kr.indeed.com/viewjob?jk=c793a3ef3425f495
모바일 운영서비스 빌드/배포/테스트 자동화 개발자,브롤브,서울 마포구,https://kr.indeed.com/viewjob?jk=00b0f4d1f5f56d14
[대기업] 클라우드 서비스 솔루션 개발,비에이블컨설팅그룹,서울,https://kr.indeed.com/viewjob?jk=2cd08e43d8b37f87
자산운용팀 전략/리스크팀 퀀트(겨울방학 인턴),마이퍼스트에셋자산운용,대한민국,https://kr.indeed.com/viewjob?jk=872035f47cfd4850
[KSTEC] 통계/Analytics 신입 및 경력사원,지식시스템,성남 분당구,https://kr.indeed.com/viewjob?jk=b955c9f452035bd8
Junior Structural Engineer,SYSTRA,서울,https://kr.indeed.com/viewjob?jk=82d47e44be45bb97
Support Engineer- Developer,Microsoft,서울,https://kr.indeed.com/viewjob?jk=f8691758f74c5242
코딩에 빠진 수퍼 개발자 (펌웨어 개발),에바,성남 수정구,https://kr.indeed.com/viewjob?jk=f54bac6c78fd3240
NAVER Cloud 사내 플랫폼 운영,NIT Service,성남 삼평동,https://kr.indeed.com/viewjob?jk=e8004f38042e7d44
2022년 2월 경력사원 (제조지능화),LG에너지솔루션,청주 오창읍,https://kr.indeed.com/viewjob?jk=05b54a7b23b66511
"[Robotics] Robotics Software Engineer, Navigation",네이버,서울,https://kr.indeed.com/viewjob?jk=f21952a2d7a0bfd8
Data Scientist (IBM Client Engineering),IBM,서울,https://kr.indeed.com/viewjob?jk=5a1932132530e651
데이터 사이언티스트,Bagelcode,서울,https://kr.indeed.com/viewjob?jk=19beeb5c7f50c5b4
[HDC 랩스] 2022년 상반기 경력,현대산업개발,서울특별시,https://kr.indeed.com/viewjob?jk=ca42174fece4f1e7
C++ Developer for High-Performance Cloud Database,SAP,서울,https://kr.indeed.com/viewjob?jk=94bce0fed7e3366d
"[대기업] 딥러닝 (AI, 영상인식) 전문가 (석박사급)",비에이블컨설팅그룹,서울,https://kr.indeed.com/viewjob?jk=b9e398dad2b59007
2022년 2월 경력사원 (설비기술),LG에너지솔루션,청주 오창읍,https://kr.indeed.com/viewjob?jk=a1d1d5bf76c45576
[TmaxEdu/R&D] 연구 개발자,티맥스소프트,성남 분당구,https://kr.indeed.com/viewjob?jk=cb4eca654b2c2901
Software Intern,Maxim Integrated,서울,https://kr.indeed.com/viewjob?jk=e11919aa1a40d234
CRM 및 마케팅 데이터분석 담당자 - 국내 대기업 계열사,라피플코리아리미티드,서울,https://kr.indeed.com/viewjob?jk=7fe0c284fbf4045f
데이터표준화 부문 경력,현대오토에버,서울 강남구,https://kr.indeed.com/viewjob?jk=7585ef1908280606
디지털 미디어 매니저(퍼포먼스&브랜딩) 신입/경력,스스스스,서울 서초구,https://kr.indeed.com/viewjob?jk=4d6fa0f1b9726d7c
Data Engineer & Scientist,LG전자,서울 영등포구,https://kr.indeed.com/viewjob?jk=6b46ce7e432daab8
네이버 파이낸셜 플랫폼 운영,NIT Service,성남 삼평동,https://kr.indeed.com/viewjob?jk=b3a6c83c9debcb92
Engineer,bolttech,서울,https://kr.indeed.com/viewjob?jk=3bceec7af2332b83
Software Developer & Verification,Ericsson,서울,https://kr.indeed.com/viewjob?jk=3fbf16cd38fd66c8
Data Engineer (Python Backend 경력자),드림어스컴퍼니,서울 서초구,https://kr.indeed.com/viewjob?jk=13059ac76a29fa54
[NHN SOFT] Back-End 경력 개발자,엔에이치엔소프트,성남 분당구,https://kr.indeed.com/viewjob?jk=3617e30a1af44426
"Software Engineer, Android Connectivity",Google,서울,https://kr.indeed.com/viewjob?jk=cb973769974700e0
국내 대기업 - AI 및 딥러닝 관련 경력자,라피플코리아리미티드,서울,https://kr.indeed.com/viewjob?jk=3b7dbdf85a326a6d
"[TmaxMetaverse/R&D] 게임 엔진, 게임 서버, 메타버스 스튜디오 개발자",티맥스소프트,성남 분당구,https://kr.indeed.com/viewjob?jk=b9d4defa6e2b7739
인재 Pool 등록,S&I Corp.,대한민국,https://kr.indeed.com/viewjob?jk=e29bd57c416ee579
하반기 신입(채용 연계형 인턴) 수시채용,홈앤쇼핑,서울 마곡동,https://kr.indeed.com/viewjob?jk=79fb95da6dff4025
ML Engineer_Eng,Riiid Labs,서울,https://kr.indeed.com/viewjob?jk=9ab9e1640fdc64d5
[국비무료/취업연계] 실무프로젝트 기반 빅데이터/핀테크/인공지능 연수생,아시아경제,서울 중구,https://kr.indeed.com/viewjob?jk=d8918f984b349ea6
"교육 기획/운영, 시스템 기획",매직에코,서울 성동구,https://kr.indeed.com/viewjob?jk=9f0ce22eee4259bb
응용소프트웨어 설계 및 개발(Python),유징테크,포항 남구,https://kr.indeed.com/viewjob?jk=555c31d136dccadb
생명정보학 부문 박사졸 선임연구원 정규직 정규직,카이팜,서울 서대문구,https://kr.indeed.com/viewjob?jk=3cd339cf8959f44d
[전문연구요원 신규편입/전직] 의료영상/음성인식/생체신호 연구원,뷰노코리아,서울 서초구,https://kr.indeed.com/viewjob?jk=40de6a4b81f8724f
Data Engineer_Eng,Riiid Labs,서울,https://kr.indeed.com/viewjob?jk=a5868277027bf920
Quantitative Researcher,WorldQuant,서울,https://kr.indeed.com/viewjob?jk=aa20b37148768ec5
파이썬 개발자 초중급 이상,데이터앤솔루션,서울 서초구,https://kr.indeed.com/viewjob?jk=d158e683dc0b7500
서버 개발자 Python(Django) Developer (신입/경력),아테나스랩,서울 마포구,https://kr.indeed.com/viewjob?jk=ebd9b7e972f551fc
[신입/경력] 의료영상/음성인식/생체신호 연구원,뷰노코리아,서울 서초구,https://kr.indeed.com/viewjob?jk=c35e9b72a11aa338
[시높시스코리아] 2022년 Training & Hiring Program,서울여자대학교,서울 노원구,https://kr.indeed.com/viewjob?jk=474d97735565073a
Data Scientist,Boston Consulting Group,서울,https://kr.indeed.com/viewjob?jk=ccd4f5407a32ba6a
Solana Dapp Developer,MIND AI,서울,https://kr.indeed.com/viewjob?jk=72c3de496b865cfb
Cross Border Ecommerce - Business Intelligence (Based in Seo...,Shopee,서울,https://kr.indeed.com/viewjob?jk=b574f1454ae36aab
Sr. Application Engineer - EBS,Siemens,경기도 성남,https://kr.indeed.com/viewjob?jk=eba169ad2f8bfa95
데이터 전문가(모델러/분석가/엔지니어) 모집,카카오,성남 판교역,https://kr.indeed.com/viewjob?jk=ac9068957c550cb3
"Analyst - Environmental, Social and Governance (12 months co...",McKinsey & Company,서울,https://kr.indeed.com/viewjob?jk=b6f149c5d6b60323
Research Engineer,Riiid Labs,서울,https://kr.indeed.com/viewjob?jk=b79acb8f4c6b4c0d
"데이터베이스개발자, 웹개발 신입/경력 정규직",여의도사람들,서울 영등포구,https://kr.indeed.com/viewjob?jk=e91b5984e7f5d3fd
[NHN Cloud] 운영 및 기술지원,NHN] [NHN Cloud,성남 판교역,https://kr.indeed.com/viewjob?jk=ad07d6a330fb619a
Sr. Application Engineer - AMS,Siemens,경기도 성남,https://kr.indeed.com/viewjob?jk=25d823b03a3113d5
[TmaxAI/R&D] NLP(자연어/문서/음성)부문 개발자,티맥스소프트,성남 분당구,https://kr.indeed.com/viewjob?jk=5fa942bd615ebd27
[포티투마루] 인공지능(AI) 개발자 전 부문,포티투마루,서울 서초구,https://kr.indeed.com/viewjob?jk=22ffe020e40de675
[AWS] Application Developer,Amazon.com,서울,https://kr.indeed.com/viewjob?jk=77f36f436c732078
2월 11번가 Backend 개발 경력공채,십일번가,서울 중구,https://kr.indeed.com/viewjob?jk=cae856b09262a4bb
[외국계 스타트업 미소] Data Analyst,유한회사 미소,서울,https://kr.indeed.com/viewjob?jk=ec5c7ccd76639120
"Visual C++, Python 이용한 소프트웨어 개발 및 유지보수가 가능한 인재",유니테코,용인 기흥구,https://kr.indeed.com/viewjob?jk=b9499f4d0a5a9c36
Vocational Training Program Intern (Developer/Researcher Rol...,SAP,서울,https://kr.indeed.com/viewjob?jk=8a951dcf7c36065e
"C#, Python 외 신입/경력 정규직",윤슬,대전 대덕구,https://kr.indeed.com/viewjob?jk=615237794a40fe5e
소프트웨어 엔지니어,당근마켓,서울 서초구,https://kr.indeed.com/viewjob?jk=bf353e320cf24f99
"[광고 추천] 데이터 과학자, 기계학습(머신러닝) 전문가 모집",카카오,성남 판교역,https://kr.indeed.com/viewjob?jk=8c32b5db8ab28c7d
디지털 미디어 매니저(퍼포먼스&브랜딩) 신입/경력,스스스스,서울 서초구,https://kr.indeed.com/viewjob?jk=4d6fa0f1b9726d7c
물류 수/배송 최적화 및 거점 네트워크 설계 전문가 (유명 대기업),바이커리어,서울,https://kr.indeed.com/viewjob?jk=ffacf5c4b4ca412c
[NAVER Z] 3D 리거,네이버제트,성남 분당구,https://kr.indeed.com/viewjob?jk=e5cf3dda5a485def
인사분야 신입사원 모집,GS칼텍스,서울 역삼동,https://kr.indeed.com/viewjob?jk=d39d5624bfcc6b01
"[Robotics] Robotics Software Engineer, Navigation",네이버,서울,https://kr.indeed.com/viewjob?jk=f21952a2d7a0bfd8
"빅데이터, 인공지능(AI) 외 신입/경력 정규직",하나금융티아이,서울 강남구,https://kr.indeed.com/viewjob?jk=de354a752cd7f42e
[NAVER Cloud] 빅데이터 분석 플랫폼 개발,네이버클라우드,성남 분당구,https://kr.indeed.com/viewjob?jk=ab58a5f77dd9c9c8
[NAVER Cloud] 리눅스 배포판 개발,네이버클라우드,성남 분당구,https://kr.indeed.com/viewjob?jk=e34c06d01e1f387e
"[대기업] 딥러닝 (AI, 영상인식) 전문가 (석박사급)",비에이블컨설팅그룹,서울,https://kr.indeed.com/viewjob?jk=b9e398dad2b59007
AI Software Engineer,GE Appliances,경기도 성남,https://kr.indeed.com/viewjob?jk=53fbfe54f327d9dc
"[대형증권사] LP/MM 시스템 개발 및 운영,유지보수",인코리아 프로페셔널,서울 강남구,https://kr.indeed.com/viewjob?jk=91bddba7f7620d51
JR0186078 AI Research Engineer Intern,인텔코리아,서울,https://kr.indeed.com/viewjob?jk=016de9bb83a8032d
"목동 컴퓨터 학원 코딩 강사 (정규직 및 계약직,경력무관)",아이브코딩목동학원,서울 양천구,https://kr.indeed.com/viewjob?jk=0d6b12bb541bb8ca
[전문연구요원 신규편입/전직] SW Engineer/Backend/Frontend 개발자,뷰노코리아,서울 서초구,https://kr.indeed.com/viewjob?jk=c4145dce440c02f8
Software Engineer,UJET,서울,https://kr.indeed.com/viewjob?jk=30e17a7d8ce9d4d4
[외국계 스타트업 미소] Data Analyst,유한회사 미소,서울,https://kr.indeed.com/viewjob?jk=ec5c7ccd76639120
데이터 사이언티스트 모집,카카오,성남 판교역,https://kr.indeed.com/viewjob?jk=0064deb5fa9cbce0
[제약] 신약 분자설계 연구(선임/책임),BOB네트웍스,성남 분당구,https://kr.indeed.com/viewjob?jk=14d5f070330861c8
[쿠키런: 오븐브레이크] 데이터 분석가 (경력),데브시스터즈,서울 강남구,https://kr.indeed.com/viewjob?jk=e00d3977d633da67
[NHN Cloud] 시스템 엔지니어링,NHN] [NHN Cloud,성남 판교역,https://kr.indeed.com/viewjob?jk=fc09bd46b913c048
[NIT Service] 네이버 파이낸셜 플랫폼 운영,엔아이티서비스,성남 분당구,https://kr.indeed.com/viewjob?jk=1961a1ecccb03336
Software Engineer - Robotics,Canonical - Jobs,서울,https://kr.indeed.com/viewjob?jk=c719ac7a926d4858
Developer / Designer recruit,마이뮤직테이스트,서울 논현동,https://kr.indeed.com/viewjob?jk=55a19c92c845685e
카카오톡 안티어뷰징을 위한 데이터/백엔드 엔지니어 및 머신러닝 전문가 모집,카카오,성남 판교역,https://kr.indeed.com/viewjob?jk=9ab2041ab3380a21
"사물인터넷(IoT) 개발, 메카트로닉스 외 신입/경력 정규직",리쉐니에,수원 영통구,https://kr.indeed.com/viewjob?jk=ae185a03d7b8f71e
Planning and Scheduling Optimization Development Engineer,어플라이드 머티리얼즈 코리아,성남 분당구,https://kr.indeed.com/viewjob?jk=9205c6ddd797cac4
2월 11번가 Backend 개발 경력공채,십일번가,서울 중구,https://kr.indeed.com/viewjob?jk=cae856b09262a4bb
[AI] 서비스/시스템 개발,NHN] [AI,성남 판교역,https://kr.indeed.com/viewjob?jk=b25a378d97c7a56c
하반기 신입(채용 연계형 인턴) 수시채용,홈앤쇼핑,서울 마곡동,https://kr.indeed.com/viewjob?jk=79fb95da6dff4025
카카오 데이터의 가치를 발굴할 데이터 분석가 모집,카카오,성남 판교역,https://kr.indeed.com/viewjob?jk=2b2dcd3ffe3d53df
[데이터] 데이터 서비스/플랫폼 개발,NHN] [데이터,성남 판교역,https://kr.indeed.com/viewjob?jk=031eec3794f09645
[대기업] 데이터분석가 경력 (대리~과장급 2명),에이치알니즈,서울,https://kr.indeed.com/viewjob?jk=b2eb1fe78ff9ee5f
"레이더, 항행용 무선기기 및 측량기구 제조업 / 백앤드 개발 (과장/차장급)",제이떠블유커리어,성남 분당구,https://kr.indeed.com/viewjob?jk=32ef5c901797d796
머신러닝 엔지니어 모집,카카오,성남 판교역,https://kr.indeed.com/viewjob?jk=269f9a96319ef19a
인공지능 개발자 신입 피아스페이스,피아스페이스,서울 서초구,https://kr.indeed.com/viewjob?jk=4079cf2e3dd272f6
추천 통계분석/데이터사이언티스트,카카오,성남 판교역,https://kr.indeed.com/viewjob?jk=bfe0f5ac4f32ec89
[NHN Cloud] IT 인프라 운영 도구 개발,NHN] [NHN Cloud,성남 판교역,https://kr.indeed.com/viewjob?jk=ba6a0ebb6ad9cd18
Data Engineer 신입사원,플리토,서울 강남구,https://kr.indeed.com/viewjob?jk=5ab0b45dfa93411b
IT교육 교구 개발자 (펌웨어),티포러스,제주 제주시,https://kr.indeed.com/viewjob?jk=b58df20c5beab3e9
S/W개발 신입/경력 정규직,레드우드케이,서울 성동구,https://kr.indeed.com/viewjob?jk=5842bf7f00547688
이공계 우수인력 희망기업,한국산업기술진흥협회,서울,https://kr.indeed.com/viewjob?jk=9720582e65044101
"금융 데이터 분석 엔진, 로보어드바이저 개발자",에스비씨엔,서울 영등포구,https://kr.indeed.com/viewjob?jk=649ccf047c868778
[대기업] 클라우드/IoT 플랫폼 개발,비에이블컨설팅그룹,서울,https://kr.indeed.com/viewjob?jk=8806cf98af9948de
경력 개발자,thecompany,경상남도,https://kr.indeed.com/viewjob?jk=119a763a71f6570d
Product Engineer - MPC/MDP/MDM,Siemens,경기도 성남,https://kr.indeed.com/viewjob?jk=f317eb960a3ce005
[네오컨버전스] 딥러닝 개발자 신입/경력 정규직,네오컨버전스,서울 성동구,https://kr.indeed.com/viewjob?jk=b03b8655f632f8f0
[램플코딩학원] 온오프라인 코딩 강사,밸류에잇 벤처스,대전 서구,https://kr.indeed.com/viewjob?jk=3415a2ec10f41d98
Data Engineer 신입사원,플리토,서울 강남구,https://kr.indeed.com/viewjob?jk=5ab0b45dfa93411b
데이터 엔지니어,RIDI Corp,서울,https://kr.indeed.com/viewjob?jk=cda0aa8499766eeb
(주)엘솔루 R&D본부 ASR팀 개발직,㈜엘솔루,서울,https://kr.indeed.com/viewjob?jk=51d1df9a3cfbe418
"Cloud AI Engineer, Professional Services",Google,서울,https://kr.indeed.com/viewjob?jk=340fa2d2204cf879
"Lead Software Engineer, Machine Learning (English)",Google,서울,https://kr.indeed.com/viewjob?jk=045c3f7ac2bf61ab
[네오컨버전스] 딥러닝 개발자 신입/경력 정규직,네오컨버전스,서울 성동구,https://kr.indeed.com/viewjob?jk=b03b8655f632f8f0
[NHN Cloud] 앱가드 Android 개발,NHN] [NHN Cloud,성남 판교역,https://kr.indeed.com/viewjob?jk=834db148c2e3c7b5
웹 개발자 경력 Java/Php/Javascript/Python/Html/CSS 등 프로젝트 경력자,바이오브레인,대전 서구,https://kr.indeed.com/viewjob?jk=941687b6bbb14d81
C++/PYTHON 백엔드 개발자 (근무지:춘천or서울),지오비전,서울 구로구,https://kr.indeed.com/viewjob?jk=5b3c147dddec314b
"빅데이터, 인공지능(AI) 외 경력 정규직",씨티아이랩,서울 서초구,https://kr.indeed.com/viewjob?jk=dd6b989057777812
이공지능(AI) / 딥러닝 / Computer Vision 경력자 정규직,더블미코리아,서울 서초구,https://kr.indeed.com/viewjob?jk=bc5131eb1f2981cb
[AI/Lab] AI 백엔드 엔지니어 (전문연구요원 가능),버즈니,서울,https://kr.indeed.com/viewjob?jk=dbe3257e487e5814
머신러닝 엔지니어 모집,카카오,성남 판교역,https://kr.indeed.com/viewjob?jk=269f9a96319ef19a
"C#, Python 외 신입/경력 정규직",윤슬,대전 대덕구,https://kr.indeed.com/viewjob?jk=615237794a40fe5e
Product Engineer - MPC/MDP/MDM,Siemens Electronic Design Automation (Korea) LLC,경기도 성남,https://kr.indeed.com/viewjob?jk=9b63b5f993896a6b
"JAVA, Python 경력 정규직",마인케이,서울 서초구,https://kr.indeed.com/viewjob?jk=11d06a906dfe933f
Machine Learning Engineer - Korea,MOLOCO,서울,https://kr.indeed.com/viewjob?jk=99b17cdf7773a816
경력사원,현대로보틱스,대한민국,https://kr.indeed.com/viewjob?jk=64e3d977c702eb32
"Customer Engineer, Google Cloud Customers",Google,서울,https://kr.indeed.com/viewjob?jk=0f1a42c235df87db
"2022년 상반기 주식회사 쏘마 전 개발 직군 (백엔드, 프론트엔드 외 신입/경력 정규직)",쏘마,성남 분당구,https://kr.indeed.com/viewjob?jk=45270f7fa037cf9c
카카오톡 안티어뷰징을 위한 데이터/백엔드 엔지니어 및 머신러닝 전문가 모집,카카오,성남 판교역,https://kr.indeed.com/viewjob?jk=9ab2041ab3380a21
[대형증권사] IT퀀트 개발자,인코리아 프로페셔널,서울 강남구,https://kr.indeed.com/viewjob?jk=72a2585ce058fa09
[외국계 스타트업 미소] Business Analyst Intern (정규직 전환형),유한회사 미소,서울,https://kr.indeed.com/viewjob?jk=4c25d6649f8434a8
IT/AI 개발 팀원/팀장,제이로고스,서울 용산구,https://kr.indeed.com/viewjob?jk=8d05eb89c3dfb9f3
클라우드 엔지니어,NHN SOFT,성남 판교역,https://kr.indeed.com/viewjob?jk=27b06cad4f2d0c63
[NHN SOFT] iOS 앱개발,엔에이치엔소프트,성남 분당구,https://kr.indeed.com/viewjob?jk=f9a30da64da7f738
[코그넥스] 딥러닝 연구원 (신입/경력/전문연구요원),코그넥스코리아,서울 서초구,https://kr.indeed.com/viewjob?jk=5331de34a85a125a
Web / Spring Framework 개발자,에릭슨엘지,서울 금천구,https://kr.indeed.com/viewjob?jk=3c1c5dc51d08cf18
"[한국축산데이터] 백엔드 개발자, 프론트엔드 개발자, 엔지니어, AI연구원 (신입/경력)",한국축산데이터,서울 강남구,https://kr.indeed.com/viewjob?jk=4a5738febf355646
Planning and Scheduling Optimization Development Engineer,Applied Materials Inc.,대한민국,https://kr.indeed.com/viewjob?jk=be3bded8a1cab54d
Developer - Cloud Infrastructure,SAP,서울,https://kr.indeed.com/viewjob?jk=a0c7a150ee54bf18
[인재풀] 아티스트 ART,Electronic Arts,서울,https://kr.indeed.com/viewjob?jk=aac8e9355cb855ac
"자율 주행, 로봇 SW 개발자",에바,성남 수정구,https://kr.indeed.com/viewjob?jk=e30fe92d72ceb17c
[SAPEON Korea] SDK 부문 개발자,사피온코리아,성남 분당구,https://kr.indeed.com/viewjob?jk=b6950e35673a5474
Analog Design Engineer,Cirrus Logic,서울,https://kr.indeed.com/viewjob?jk=d193999bb6d038d4
[NAVER Z] 3D 리거,네이버제트,성남 분당구,https://kr.indeed.com/viewjob?jk=e5cf3dda5a485def
(주)작당모의 앱 개발자,작당모의,서울 서초구,https://kr.indeed.com/viewjob?jk=bec33b19427238a4
각 분야별 인재 Pool 등록,지투알,서울,https://kr.indeed.com/viewjob?jk=a5e926e1d22cdc11
(주)리얼데이터 분석컨설팅 인력,리얼데이터,서울 성동구,https://kr.indeed.com/viewjob?jk=0229342521a71f63
"사물인터넷(IoT) 개발, 메카트로닉스 외 신입/경력 정규직",리쉐니에,수원 영통구,https://kr.indeed.com/viewjob?jk=ae185a03d7b8f71e
Business Data Analyst (경력),데브시스터즈,서울 강남구,https://kr.indeed.com/viewjob?jk=14a84e493f6caa2b
서버개발자(벡앤드) 정규직,오비이랩,서울 강남구,https://kr.indeed.com/viewjob?jk=df228c302c3c8f9b
가상화 엔지니어 정규직,다원커리어,서울 서초구,https://kr.indeed.com/viewjob?jk=3e7b756ca8ec169f
[NHN Cloud] 머신러닝 연구 및 개발,NHN] [NHN Cloud,성남 판교역,https://kr.indeed.com/viewjob?jk=180dac6dbe6afaed
Renewables Consultant - Electrical Engineering,DNV,서울,https://kr.indeed.com/viewjob?jk=5373ec7f16244523
ID사업부 Software R&D 경력,LG전자,경기도 평택,https://kr.indeed.com/viewjob?jk=6e8bde30e3d76a07
Software Engineer (Point Cloud Processing),BOEING,서울,https://kr.indeed.com/viewjob?jk=590b2c305431c4ca
[마포] 신약개발 빅데이터 인공지능 모델 개발 및 분석,시니어앤파트너즈,서울 마포구,https://kr.indeed.com/viewjob?jk=be44e36acba57f57
"목동 컴퓨터 학원 코딩 강사 (정규직 및 계약직,경력무관)",아이브코딩목동학원,서울 양천구,https://kr.indeed.com/viewjob?jk=0d6b12bb541bb8ca
프랭클린템플턴투신운용 Junior Trader (Quant base 필수),프랭클린템플턴투신,대한민국,https://kr.indeed.com/viewjob?jk=4adac8923476d038
[SAPEON Korea] Core 부문 개발자,사피온코리아,성남 분당구,https://kr.indeed.com/viewjob?jk=ad4759024e053193
[위메프서비스] E-Commerce 데이터엔지니어/NLP개발자,위메프,대한민국,https://kr.indeed.com/viewjob?jk=e36b281df2933890
모니터링 솔루션 개발자 모집,카카오,성남 판교역,https://kr.indeed.com/viewjob?jk=e99d30a8f6947b41
"[Robotics] Robotics Software Engineer, Sensor System",네이버,서울,https://kr.indeed.com/viewjob?jk=155996bae21250a5
IoT 기기 및 네트워크 취약점 점검 개발자,노르마,서울 성동구,https://kr.indeed.com/viewjob?jk=1b3ad64e7a39c01a
프랭클린템플턴투신운용 Junior Trader (Quant base 필수),프랭클린템플턴투신,대한민국,https://kr.indeed.com/viewjob?jk=4adac8923476d038
금융 데이터 분석 및 모델 개발,케이지제로인,대한민국,https://kr.indeed.com/viewjob?jk=d4c94aa1d7e84908
Web / Spring Framework 개발자,에릭슨엘지,서울 금천구,https://kr.indeed.com/viewjob?jk=3c1c5dc51d08cf18
[TmaxAI/R&D] AI & FinTech 부문 프론트엔드 개발자,티맥스소프트,성남 분당구,https://kr.indeed.com/viewjob?jk=43835708050a81c8
Software Engineer - CNC (Computer Numerical Control) program...,BOEING,서울,https://kr.indeed.com/viewjob?jk=10f2dcc4001cb35f
Research Engineer,Riiid Labs,서울,https://kr.indeed.com/viewjob?jk=b79acb8f4c6b4c0d
퍼즐데이터 역량있는 데이터 분석가,주식회사퍼즐데이터,서울 역삼동,https://kr.indeed.com/viewjob?jk=116009dbf59211ed
Jr. Back-end Engineer (Python),Soomgo,서울 강남구,https://kr.indeed.com/viewjob?jk=733b814969bff5a7
카카오톡 보이스톡/페이스톡/라이브톡 개발자 모집,카카오,성남 판교역,https://kr.indeed.com/viewjob?jk=d585814d097935eb
퀀트운용본부 운용역(경력직) (연장),비엔케이자산운용,대한민국,https://kr.indeed.com/viewjob?jk=0fbb2d0206f10f96
대용량 데이터 엔지니어링,아프리카TV,경기도 성남,https://kr.indeed.com/viewjob?jk=e0e37aaebc73dde3
클라우드 오퍼레이션 엔지니어,NHN SOFT,성남 판교역,https://kr.indeed.com/viewjob?jk=1874aaee481880be
음성인식 서비스 개발자,씨앤에이아이,서울 성동구,https://kr.indeed.com/viewjob?jk=dfa8a9a7dd5bd7d6
[AWS] Application Developer,Amazon.com,서울,https://kr.indeed.com/viewjob?jk=77f36f436c732078
Web Front-end 개발자,코그넷나인,서울 서초구,https://kr.indeed.com/viewjob?jk=6141229c69b83068
Engineer,bolttech,서울,https://kr.indeed.com/viewjob?jk=3bceec7af2332b83
Junior Business Analyst (Non-tech),Coupang,서울,https://kr.indeed.com/viewjob?jk=e658236007117d98
연구개발부 생명정보부문 석사졸연구원 신입/경력 정규직,카이팜,서울 서대문구,https://kr.indeed.com/viewjob?jk=686c8cf8b082fbc1
[SAPEON Korea] SDK 부문 개발자,사피온코리아,성남 분당구,https://kr.indeed.com/viewjob?jk=b6950e35673a5474
Support Engineer- Developer,Microsoft,서울,https://kr.indeed.com/viewjob?jk=f8691758f74c5242
[웹젠] DBA(신입),웹젠,성남 분당구,https://kr.indeed.com/viewjob?jk=839879671ea513c5
Machine Learning Engineer,3i,서울,https://kr.indeed.com/viewjob?jk=375d31c1f3157770
Business Data Analyst (경력),데브시스터즈,서울 강남구,https://kr.indeed.com/viewjob?jk=14a84e493f6caa2b
Sr. Corporate Application Engineer - Calibre DS,Siemens,경기도 성남,https://kr.indeed.com/viewjob?jk=20c4a5de16d47c5c
[웹젠] TA(Unreal Engine 4)(경력),웹젠,성남 분당구,https://kr.indeed.com/viewjob?jk=325769472a65579b
"빅데이터, 인공지능(AI) 외 경력 정규직",씨티아이랩,서울 서초구,https://kr.indeed.com/viewjob?jk=dd6b989057777812
[스타랩스] 웹개발(JAVA) 경력 정규직,스타랩스,서울 강남구,https://kr.indeed.com/viewjob?jk=2cf4ab96db812fd2
[취업연계/무료교육] PLC 현장기기 제어 전문가 과정 교육생,한국산업기술협회,서울,https://kr.indeed.com/viewjob?jk=1254055cf57d56df
[NHN Cloud] 네트워크 엔지니어링,NHN] [NHN Cloud,성남 판교역,https://kr.indeed.com/viewjob?jk=918468d6e12a17e8
"Customer Solutions Engineer, Global Client and Agency Soluti...",Google,서울,https://kr.indeed.com/viewjob?jk=fb8f5764cdbe3c39
디지털마케팅 경력,LG전자,서울특별시,https://kr.indeed.com/viewjob?jk=a5a1cdc789366517
Cloud Solution Engineer,Oracle,서울,https://kr.indeed.com/viewjob?jk=3f30b270fd650056
Developer - Cloud Infrastructure,SAP,서울,https://kr.indeed.com/viewjob?jk=a0c7a150ee54bf18
네이버 클라우드 플랫폼 기술지원,NIT Service,성남 삼평동,https://kr.indeed.com/viewjob?jk=95929d1cd7077dfd
Software Developer & Verification,Ericsson,서울,https://kr.indeed.com/viewjob?jk=3fbf16cd38fd66c8
가상화 엔지니어 정규직,다원커리어,서울 서초구,https://kr.indeed.com/viewjob?jk=3e7b756ca8ec169f
MongoDB Engineer 모집,카카오,성남 판교역,https://kr.indeed.com/viewjob?jk=6ad55e06021ddccb
Sr. Application Engineer - AMS,Siemens,경기도 성남,https://kr.indeed.com/viewjob?jk=25d823b03a3113d5
Coupang Business Analyst (Non Tech),Coupang,서울,https://kr.indeed.com/viewjob?jk=2e471d0cf19be66c
네트워크 보안 담당자 채용,케이뱅크은행,서울 중학동,https://kr.indeed.com/viewjob?jk=65d17e4704beb445
전사 생산기술 경력사원,LG이노텍,경기도 평택,https://kr.indeed.com/viewjob?jk=af6bc3d6f93360d4
(주)아이옵스 SAR 위성영상 활용 신입/경력,아이옵스,대전 유성구,https://kr.indeed.com/viewjob?jk=36285cd45a0f0c57
VOD 소비패턴 분석 및 서비스개선,아프리카TV,경기도 성남,https://kr.indeed.com/viewjob?jk=eb8f9fccedb6abec
[진행중] 우리은행 AI사업부 전문직(인공지능[AI]모델링) 채용공고,우리은행,서울 회현동,https://kr.indeed.com/viewjob?jk=ced15ce8e8c9c0b8
[환경가전 대기업] 인프라보안팀 인프라운영 (과장~차장),커리어라임즈,서울 구로구,https://kr.indeed.com/viewjob?jk=e63d80feb70ad6c4
Python Web Application Developer (Entry or Mid Level),"Cipher Tech Solutions, Inc",No office location,https://stackoverflow.com/jobs/561032
Python Entwickler*in Remote (f/m/d),Ambient,"Köln, Deutschland",https://stackoverflow.com/jobs/493874
Python Software Engineer (Quant Trading Firm),"Old Mission Capital, LLC","Chicago, IL",https://stackoverflow.com/jobs/528807
Senior Software Developer Python (m/f/d),Ströer Online Marketing,"Hamburg, Deutschland",https://stackoverflow.com/jobs/462625
Python / Django - Backend Developers,OpenUnited,No office location,https://stackoverflow.com/jobs/566262
Software Developer (Python),Picnic,"Amsterdam, Netherlands",https://stackoverflow.com/jobs/292346
Senior Backend Engineer - Python,Cornershop,"São Paulo, Brazil",https://stackoverflow.com/jobs/515697
Software Developer | Python,Marley Spoon AG,"Lisbon, Portugal",https://stackoverflow.com/jobs/566072
Python Data Engineer,Tech City Labs,"Reading, UK",https://stackoverflow.com/jobs/566099
"Senior Software Engineer, Python",Chaturbate,"San Francisco, CA",https://stackoverflow.com/jobs/566183
Python Engineer,McD Tech Labs,"Mountain View, CA",https://stackoverflow.com/jobs/534766
Full-Stack Engineer (Python OR Javascript),Neo4j,"Malmö, Sweden",https://stackoverflow.com/jobs/362199
Senior Data Engineer - Python Technologies,Capital Group,"Irvine, CA",https://stackoverflow.com/jobs/538626
Senior Python/Django Full-stack Developer,Apicbase Belgium,No office location,https://stackoverflow.com/jobs/545356
Backend Engineer (Python/ Django),Sector Labs,"Dubai, United Arab Emirates",https://stackoverflow.com/jobs/518496
Python Software Engineer,Captivation Software,"Fort Meade, MD",https://stackoverflow.com/jobs/525426
Software Engineer - Machine Learning Team (Python/C++) (m/w/d),Volume Graphics GmbH,"Heidelberg, Deutschland",https://stackoverflow.com/jobs/550558
"SENIOR FULL-STACK DEV WITH RUBY / PYTHON / REACT NATIVE -- 100% REMOTE, FLEXIBLE",Analytics Fire,No office location,https://stackoverflow.com/jobs/517987
Junior Backend (Python / Django) Engineer (m/f/x),Alasco,"München, Germany",https://stackoverflow.com/jobs/559737
Python Developer (Remote),Finsera,No office location,https://stackoverflow.com/jobs/524065
Senior Backend Engineer (Python/Django) (m/f/d),Motius GmbH,"Belgrad, Serbien",https://stackoverflow.com/jobs/565746
Senior Backend Engineer - Python - México,Cornershop by Uber,No office location,https://stackoverflow.com/jobs/526139
Python Developer (Remote),X-Team,No office location,https://stackoverflow.com/jobs/534454
Lead/Senior Software Engineer (Python/Django),Sector Labs,"Dubai, United Arab Emirates",https://stackoverflow.com/jobs/551454
Backend developer (Python/Django) with a passion for open source,5 Monkeys Agency ABvia5 Monkeys Agency AB,"Göteborg, Sweden",https://stackoverflow.com/jobs/565993
"Data Engineer (Python, ETL)",Finsera,No office location,https://stackoverflow.com/jobs/536631
Lead/Senior Software Engineer (Python/Django),Sector Labs,"Dubai, United Arab Emirates",https://stackoverflow.com/jobs/551454
Software Engineer (Java/Python),ComplyAdvantage,"London, UK",https://stackoverflow.com/jobs/528544
Senior Backend Engineer (Python/Django) (m/f/d),Motius GmbH,"Belgrad, Serbien",https://stackoverflow.com/jobs/565746
Backend developer (Python/Django) with a passion for open source,5 Monkeys Agency ABvia5 Monkeys Agency AB,"Göteborg, Sweden",https://stackoverflow.com/jobs/565993
Senior Backend Engineer - Python - México,Cornershop by Uber,No office location,https://stackoverflow.com/jobs/526139
Senior Python/Django Full-stack Developer,Apicbase Belgium,No office location,https://stackoverflow.com/jobs/515716
(Senior) Full-Stack Web Developer - React | Typescript | Python | Kubernetes,Dynatrace,"Wien, Austria",https://stackoverflow.com/jobs/559763
"Tech Lead, Python Systems Engineering",McD Tech Labs,"Mountain View, CA",https://stackoverflow.com/jobs/523801
"Python Back End Developer (FastAPI, Django, Celery)","Daupler, Inc.","Kansas City, MO",https://stackoverflow.com/jobs/523350
Python Developer (Remote),X-Team,No office location,https://stackoverflow.com/jobs/534454
Senior Fullstack Engineer (Python/Django/React)- #12 of Top-100 Marketplaces,StyleSeat,No office location,https://stackoverflow.com/jobs/561047
"Senior IoT Developer (M/W/D/) Python, C++",VISPIRON CHARGE-V GmbH,"München, Deutschland",https://stackoverflow.com/jobs/524044
Senior Software Engineer (Python),HENNGE K.K.,"Tokyo, Japan",https://stackoverflow.com/jobs/555511
Senior Data Engineer (Python) - Remote,SemanticBits,No office location,https://stackoverflow.com/jobs/559051
"Senior Software Engineer, Integration QA, Python",Canonical,No office location,https://stackoverflow.com/jobs/519661
"3D Pipeline Engineer (Python, Blender)",Geomagical Labs,"Mountain View, CA",https://stackoverflow.com/jobs/565737
"Senior Data Engineer (Python, Kafka, Airflow)",AMBOSS,"Berlin, Germany",https://stackoverflow.com/jobs/415218
Python Software Engineer,Sav.com,"Chicago, IL",https://stackoverflow.com/jobs/515692
Python Developer,Risk Focus,No office location,https://stackoverflow.com/jobs/552173
Senior Python Backend Developer,Alfi Inc.,"Belfast, UK",https://stackoverflow.com/jobs/520640
Software Engineer (Python AWS),Wizeline,"Phường 12 (Quận 10), Vietnam",https://stackoverflow.com/jobs/487852
Python Engineer,Intel Corporation,"Gdańsk, Poland",https://stackoverflow.com/jobs/529943
"Junior IoT Developer (M/W/D) Python, C++",VISPIRON CHARGE-V GmbH,"München, Deutschland",https://stackoverflow.com/jobs/548810
"Python Software Engineer (Linux, Security)",diconium group,"Stuttgart, Deutschland",https://stackoverflow.com/jobs/556429
Software Engineers - Cloud Reliability & Infrastructure (Python or Java),Canva,"Sydney, Australia",https://stackoverflow.com/jobs/373689
"Python Software Engineer (Linux, Security)",diconium group,"Stuttgart, Deutschland",https://stackoverflow.com/jobs/556429
Python Developer suchen Kollegen (m/w/d),solute GmbH,"Karlsruhe, Deutschland",https://stackoverflow.com/jobs/284443
"Senior .Net Developer for ML, Computer Vision and Python Algorithm development",MapLarge,No office location,https://stackoverflow.com/jobs/165235
"Back End Engineer (Python, AWS)",Modus Create,No office location,https://stackoverflow.com/jobs/560131
Administrator / Systembetreuer Python (w/m/d),energy & meteo systems GmbH,"Oldenburg, Deutschland",https://stackoverflow.com/jobs/565266
"QA Automation Engineer ( Python, Pytest)",Modus Create,No office location,https://stackoverflow.com/jobs/565910
A 'jack-of-all-trades' for an Agile team - Python Dev/ Tech Lead/ Scrum Master,Pentalog,"Hanoi, Vietnam",https://stackoverflow.com/jobs/554242
Senior Python Softwareentwickler:in (m/w/d),JobRad GmbH,"Freiburg im Breisgau, Deutschland",https://stackoverflow.com/jobs/563123
"Principal Software Engineer, Data (Python & pandas) - London",Synthace Ltd.,"London, UK",https://stackoverflow.com/jobs/554536
Fullstack Cloud Engineer (Python/React/AWS),Montash,No office location,https://stackoverflow.com/jobs/556128
HPC Engineering Manager - Python & Linux,Canonical,No office location,https://stackoverflow.com/jobs/565980
Lead Software Engineer - Python Focus Big Loop Systems (m/f/d),CARIAD,"Ingolstadt, Germany",https://stackoverflow.com/jobs/547925
"Software Engineer (Go/Python), Commercial Systems",Canonical,No office location,https://stackoverflow.com/jobs/561428
"Software-Entwickler / Developer (w/m/d) Java, Python, UiPath - Operation Support",Daimler Group Services Berlin,"Berlin, Deutschland",https://stackoverflow.com/jobs/566052
"Senior Python Software Developer (m/f/d) @ our Partner ADSPERT (Berlin, remote)",solute GmbH,"Berlin, Deutschland",https://stackoverflow.com/jobs/547853
"IoT / Java, Python Entwickler (w/m/d) - bundesweit & Homeoffice",objective partner AG,"Weinheim, Deutschland",https://stackoverflow.com/jobs/550882
Lead/Expert Senior Python Engineer,Steeprock Inc,No office location,https://stackoverflow.com/jobs/565700
Mobile React Native Developer (Remote),Soshace LLC,No office location,https://stackoverflow.com/jobs/566209
Node.js Developer (Remote),Soshace LLC,No office location,https://stackoverflow.com/jobs/566208
Frontend React.js Developer (Remote),Soshace LLC,No office location,https://stackoverflow.com/jobs/566207
Analyste solution/ Chef de projet déploiement Smart O&M (H/F),ENGIE Digital,"Paris, France",https://stackoverflow.com/jobs/548602
DevOps Engineer with interesting scale up challenges,Channable,"Utrecht, Netherlands",https://stackoverflow.com/jobs/500253
Product Owner Smart O&M (H/F),ENGIE Digital,"Paris, France",https://stackoverflow.com/jobs/554454
QA Analyst (H/F),ENGIE Digital,"Paris, France",https://stackoverflow.com/jobs/528279
Backend Engineer - all levels at - sustainable start-up (m/f/x)-Munich or Remote,FINN,"München, Germany",https://stackoverflow.com/jobs/331741
QA Analyst (H/F),ENGIE Digital,"Paris, France",https://stackoverflow.com/jobs/528279
Senior Full-stack Web Developer,F-Secure,"Poznań, Poland",https://stackoverflow.com/jobs/526479
Senior Full-stack Web Developer,F-Secure,"Basingstoke, UK",https://stackoverflow.com/jobs/535566
Android Developer,F-Secure,"Helsinki, Finland",https://stackoverflow.com/jobs/552308
Experienced Front-end Developer,F-Secure,"Helsinki, Finland",https://stackoverflow.com/jobs/552301
iOS Developers,F-Secure,"Helsinki, Finland",https://stackoverflow.com/jobs/552307
Penetration Tester - Cyber Security,F-Secure,"London, UK",https://stackoverflow.com/jobs/554863
Senior Data Scientist / Data Engineer,F-Secure,"Poznań, Poland",https://stackoverflow.com/jobs/538605
Senior iOS Developer,Marks & Spencer,"London, UK",https://stackoverflow.com/jobs/530984
Full-Stack Software Engineer,Marks & Spencer,"London, UK",https://stackoverflow.com/jobs/530982
Senior Android Developer,Marks & Spencer,"London, UK",https://stackoverflow.com/jobs/530799
Softwareentwickler*in (m/w/x) (Vollzeit),Orendt Studios GmbH,"Hamburg, Deutschland",https://stackoverflow.com/jobs/565680
Full-stack web developer (in biodiversity informatics),INBO - Research Institute for Nature and Forest,"Brussels, Belgium",https://stackoverflow.com/jobs/565883
"Full Stack Software Engineer, Business Integrity",ByteDance,Singapore,https://stackoverflow.com/jobs/553099
Backend Engineer - Remote/On-Site,eLearning Industry,"Athens, Greece",https://stackoverflow.com/jobs/566140
Fully Remote Senior or Staff Software Engineer - Platform9,Platform9viaSource Coders,"Mountain View, CA",https://stackoverflow.com/jobs/566202
Backend Developer,AudioValley,"Paris, France",https://stackoverflow.com/jobs/518186
"Software Engineer, Backend",SmartNews,"Shibuya City, Japan",https://stackoverflow.com/jobs/208334
"Frontend Software Engineer, Business Integrity",ByteDance,Singapore,https://stackoverflow.com/jobs/553035
Full-Stack Software Engineer (C# + .NET 6 / React + Typescript) (f/m/d),HeidelbergCement AG,"Heidelberg, Deutschland",https://stackoverflow.com/jobs/559624
Full-Stack Senior Developer,AudioValley,"Paris, France",https://stackoverflow.com/jobs/566062
VP Engineering at sustainable start-up (m/f/x) - Brazil/Latin America (Remote),FINN,"München, Germany",https://stackoverflow.com/jobs/445056
Software Engineer,Slimmer AI,"Amsterdam, Netherlands",https://stackoverflow.com/jobs/552562
"Software Developers for our offices in Berlin, Hamburg, Göttingen or Abingdon",Evotec SE,"Hamburg, Germany",https://stackoverflow.com/jobs/524299
"Software Engineer, Python&TypeScript",Chaturbate,No office location,https://stackoverflow.com/jobs/566212
"Software Developers for our offices in Berlin, Hamburg, Göttingen or Abingdon",Evotec SE,"Hamburg, Germany",https://stackoverflow.com/jobs/524299
Backend Developer,Octopus Energy,"London, UK",https://stackoverflow.com/jobs/197943
Backend Software Engineer,Armored Things,"Boston, MA",https://stackoverflow.com/jobs/322319
"Full-Stack Developer, Research & Development",Houston Astros Baseball R&D,"Houston, TX",https://stackoverflow.com/jobs/536288
Senior Full Stack Software Engineer,kaliber.ai,"San Francisco, CA",https://stackoverflow.com/jobs/251476
React Front End Developer,"Daupler, Inc.","Kansas City, MO",https://stackoverflow.com/jobs/523351
Software Engineer (Backend) (m/f/d),QuantCo,"Berlin, Germany",https://stackoverflow.com/jobs/409511
Software Engineer (Monitoring System) - Working in Japan,LINE Fukuoka,"Fukuoka, Japan",https://stackoverflow.com/jobs/273841
"Full Stack Software Engineer, Business Integrity",ByteDance,Singapore,https://stackoverflow.com/jobs/553099
Full-Stack Technical Lead,SSENSE,"Montreal, QC, Canada",https://stackoverflow.com/jobs/521742
Senior Software Developer (Full Stack),Jewel Paymentech Pte Ltd,Singapore,https://stackoverflow.com/jobs/534474
Senior Backend Engineer,Leaf Logistics,No office location,https://stackoverflow.com/jobs/201671
Software Engineer - Backend (d/f/m),Stylight,"München, Deutschland",https://stackoverflow.com/jobs/566055
"Software Engineer, Backend (EMEA)",Hotjar,No office location,https://stackoverflow.com/jobs/565839
"Software Engineer, Platform Infrastructure",SmartNews,"Shibuya City, Japan",https://stackoverflow.com/jobs/448299
Front-End Software Engineer,HENNGE K.K.,"Tokyo, Japan",https://stackoverflow.com/jobs/381280
Tech Lead Engineering at sustainable start-up (m/f/x) - Munich/Remote,FINN,"München, Germany",https://stackoverflow.com/jobs/541678
Remote Fullstack Entwicklerin (m/w/d),Ambient,"Köln, Deutschland",https://stackoverflow.com/jobs/552969
"Frontend Software Engineer, Business Integrity",ByteDance,Singapore,https://stackoverflow.com/jobs/553035
Full-Stack Software Engineer (C# + .NET 6 / React + Typescript) (f/m/d),HeidelbergCement AG,"Heidelberg, Deutschland",https://stackoverflow.com/jobs/559624
Senior Software Engineer (Frontend),Deepfield Networks,"Ann Arbor, MI",https://stackoverflow.com/jobs/185876
"Backend Software Engineer, Customer Service Platform",ByteDance,Singapore,https://stackoverflow.com/jobs/529048
"Full-Stack Developer (JavaScript, Node.JS) - REMOTE",MUFG,No office location,https://stackoverflow.com/jobs/559442
Senior Backend Architect (m/f/d),Motius GmbH,"München, Deutschland",https://stackoverflow.com/jobs/565858
Tech Lead Engineering at sustainable start-up (m/f/x) - Munich/Remote,FINN,"München, Germany",https://stackoverflow.com/jobs/541678
Lead Data Scientist,Singapore Innovate Pte. Ltd,Singapore,https://stackoverflow.com/jobs/565885
"Frontend Software Engineer, Business Integrity",ByteDance,Singapore,https://stackoverflow.com/jobs/553035
Full-Stack Software Engineer (C# + .NET 6 / React + Typescript) (f/m/d),HeidelbergCement AG,"Heidelberg, Deutschland",https://stackoverflow.com/jobs/559624
Senior Backend Engineer,Leaf Logistics,No office location,https://stackoverflow.com/jobs/201671
Senior Software Engineer (Frontend),Deepfield Networks,"Ann Arbor, MI",https://stackoverflow.com/jobs/185876
"Software Engineer, Backend (EMEA)",Hotjar,No office location,https://stackoverflow.com/jobs/565839
Software Engineer (m/w/d) IoT,Schuler Pressen GmbH,"Göppingen, Deutschland",https://stackoverflow.com/jobs/562572
"Full-Stack Developer (JavaScript, Node.JS) - REMOTE",MUFG,No office location,https://stackoverflow.com/jobs/559442
Senior Full Stack Developer,Motosumo ApS,"Herlev, Denmark",https://stackoverflow.com/jobs/565886
Senior Full Stack PHP Engineer (all genders),Goodgame Studios,"Hamburg, Deutschland",https://stackoverflow.com/jobs/566009
Remote Fullstack Entwicklerin (m/w/d),Ambient,"Köln, Deutschland",https://stackoverflow.com/jobs/552969
Fully Remote Senior Software Engineer (Cloud Platform Team) - MariaDB,MariaDBviaSource Coders,No office location,https://stackoverflow.com/jobs/565955
Software Engineer - Build the next generation of AI platform,Signal AI,"London, UK",https://stackoverflow.com/jobs/246027
Business Intelligence Engineer (all genders),asgoodasnew electronics GmbH,"Berlin, Deutschland",https://stackoverflow.com/jobs/565661
C++ Software Engineer (100% remote),Percona Staffing LLC,No office location,https://stackoverflow.com/jobs/565985
Senior Software Engineer,ZAIKO K.K.,"Minato City, Japan",https://stackoverflow.com/jobs/524414
"Backend Software Engineer, DevOps",Avature,No office location,https://stackoverflow.com/jobs/565332
(Senior) Android Software Developer - Munich,Paradox Cat GmbH,"München, Deutschland",https://stackoverflow.com/jobs/181583
Senior Full Stack Developer at Kogan.com,We Are Common,"Melbourne, Australia",https://stackoverflow.com/jobs/531156
Web Systems Engineer - HPC Products,DUG Technology,"West Perth, Australia",https://stackoverflow.com/jobs/528138
DevOps Engineer - 100% Remote,Disy Informationssysteme GmbH,"Karlsruhe, Deutschland",https://stackoverflow.com/jobs/383260
Software Engineer in Test,McD Tech Labs,"Mountain View, CA",https://stackoverflow.com/jobs/523806
Full Stack Web Developer (m/w/d),solute GmbH,"Karlsruhe, Deutschland",https://stackoverflow.com/jobs/556141
Site Reliability Engineering Lead (Remote),Hotjar,No office location,https://stackoverflow.com/jobs/545198
Lead Software Engineer in Test (Automation),Chaturbate,No office location,https://stackoverflow.com/jobs/566211
Software Engineer IoT (m/w/d),Stadtwerke München GmbH,"München, Deutschland",https://stackoverflow.com/jobs/516781
Backend Software Engineer for leading insurtech start-up,iptiQ by Swiss Re,"Hoofddorp, Netherlands",https://stackoverflow.com/jobs/472052
Full-Stack Engineer - (Neo4j Aura),Neo4j,"London, UK",https://stackoverflow.com/jobs/435690
Lead Full-Stack Software Engineer (Tech Lead) (f/m/d),HeidelbergCement AG,"Heidelberg, Deutschland",https://stackoverflow.com/jobs/557326
Senior Backend Developer,ReviewPro / ReviewRank,"Barcelona, Spain",https://stackoverflow.com/jobs/554865
"Backend Software Engineer, Business Integrity",ByteDance,Singapore,https://stackoverflow.com/jobs/553036
(Senior) Java Software Engineer | Gdansk,Dynatrace,"Gdańsk, Poland",https://stackoverflow.com/jobs/560068
Senior Software Engineer - tripleup.com,Triple for Numo,"Pittsburgh, PA",https://stackoverflow.com/jobs/545291
"Full-Stack Developer (JavaScript, Node.JS) - REMOTE",MUFG,No office location,https://stackoverflow.com/jobs/559442
"Senior Software Engineer, Backend - Landscape",Canonical,No office location,https://stackoverflow.com/jobs/551337
"Junior Developer for Cloud Technologies (Kafka, Flink, Terraform)",reeeliance IM GmbH,"Hamburg, Deutschland",https://stackoverflow.com/jobs/516858
Full stack software engineer,Ailo,"Melbourne, Australia",https://stackoverflow.com/jobs/372382
Software Engineer,The Orchard,"London, UK",https://stackoverflow.com/jobs/543314
"Backend Software Engineer, Video Infrastructure",ByteDance,Singapore,https://stackoverflow.com/jobs/547751
Backend Engineer - Partner API,Runtastic,"Vienna, Austria",https://stackoverflow.com/jobs/507680
Senior Backend Engineer (Go),Bigblue,"Paris, France",https://stackoverflow.com/jobs/505290
Forensic Software/Web Developer (Entry and Mid Levels) - OCONUS Deployable,"Cipher Tech Solutions, Inc","Tampa, FL",https://stackoverflow.com/jobs/562286
Senior Software Engineer,ZAIKO K.K.,"Minato City, Japan",https://stackoverflow.com/jobs/524414
Senior IIoT Software Architect (m/f/d),Wiferion GmbH,"Freiburg im Breisgau, Deutschland",https://stackoverflow.com/jobs/565598
(Senior) Android Software Developer - Munich,Paradox Cat GmbH,"München, Deutschland",https://stackoverflow.com/jobs/181583
System Engineer (f/m/d) Kubernetes,ADITION technologies AG,"Freiburg im Breisgau, Deutschland",https://stackoverflow.com/jobs/525462
Senior Frontend (TypeScript / React) Engineer (m/f/x),Alasco,"München, Germany",https://stackoverflow.com/jobs/559739
DevOps Engineer - 100% Remote,Disy Informationssysteme GmbH,"Karlsruhe, Deutschland",https://stackoverflow.com/jobs/383260
Junior DevOps Engineer / Site Reliability Engineer (m/w/d),IT SONIX CUSTOM DEVELOPMENT GMBH,"Leipzig, Deutschland",https://stackoverflow.com/jobs/566197
System Engineer (m/w/d) Kubernetes/OpenShift,German Edge Cloud GmbH & Co. KG,"Limburg an der Lahn, Deutschland",https://stackoverflow.com/jobs/539732
Lead Full-Stack Software Engineer (Tech Lead) (f/m/d),HeidelbergCement AG,"Heidelberg, Deutschland",https://stackoverflow.com/jobs/557326
"Backend Software Engineer, Business Integrity",ByteDance,Singapore,https://stackoverflow.com/jobs/553036
Kubernetes Administrator,CYBERTEC PostgreSQL International GmbH,No office location,https://stackoverflow.com/jobs/558995
Werkstudent Software Engineering Data & ML (m/w/d),QuantCo,"Karlsruhe, Deutschland",https://stackoverflow.com/jobs/328986
(Senior) Java Software Engineer | Gdansk,Dynatrace,"Gdańsk, Poland",https://stackoverflow.com/jobs/560068
Senior Software Engineer - tripleup.com,Triple for Numo,"Pittsburgh, PA",https://stackoverflow.com/jobs/545291
"Senior Developer for Cloud Technologies (Kafka, Flink, Terraform)",reeeliance IM GmbH,"Hamburg, Deutschland",https://stackoverflow.com/jobs/517848
Software Engineer (Java) - Manufacturing SaaS,Plex Systems,"Troy, MI",https://stackoverflow.com/jobs/565861
"Full-Stack Developer (JavaScript, Node.JS) - REMOTE",MUFG,No office location,https://stackoverflow.com/jobs/559442
"Senior Software Engineer, Backend - Landscape",Canonical,No office location,https://stackoverflow.com/jobs/551337
Staff Site Reliability Engineer,McD Tech Labs,"Mountain View, CA",https://stackoverflow.com/jobs/534770
"Backend Tech Lead, Customer Service Platform",ByteDance,Singapore,https://stackoverflow.com/jobs/546681
Senior Backend Engineer,Pollen,"London, UK",https://stackoverflow.com/jobs/522622
"Backend Software Engineer, Video Infrastructure",ByteDance,Singapore,https://stackoverflow.com/jobs/547751
Forensic Software/Web Developer (Entry and Mid Levels) - OCONUS Deployable,"Cipher Tech Solutions, Inc","Tampa, FL",https://stackoverflow.com/jobs/562286
Senior Software Engineer,ZAIKO K.K.,"Minato City, Japan",https://stackoverflow.com/jobs/524414
(Senior) Backend Engineer (m/w/d) - Trufa,Deloitte Deutschland,"Düsseldorf, Deutschland",https://stackoverflow.com/jobs/545254
Backend Engineer - Partner API,Runtastic,"Vienna, Austria",https://stackoverflow.com/jobs/507680
Lead Software Engineer in Test (Automation),Chaturbate,No office location,https://stackoverflow.com/jobs/566211
(Senior) Android Software Developer - Munich,Paradox Cat GmbH,"München, Deutschland",https://stackoverflow.com/jobs/181583
Senior Backend Engineer (Go),Bigblue,"Paris, France",https://stackoverflow.com/jobs/505290
Developer (Focus Backend) who loves to work on the Green Energy Transformation,HYDROGRID GmbH,"Vienna, Austria",https://stackoverflow.com/jobs/562576
System Engineer (f/m/d) Kubernetes,ADITION technologies AG,"Freiburg im Breisgau, Deutschland",https://stackoverflow.com/jobs/525462
Senior Frontend (TypeScript / React) Engineer (m/f/x),Alasco,"München, Germany",https://stackoverflow.com/jobs/559739
Junior Frontend (TypeScript / React) Engineer (m/f/x),Alasco,"München, Germany",https://stackoverflow.com/jobs/559738
"Software Engineer, Speech & Audio",ByteDance,Singapore,https://stackoverflow.com/jobs/553106
Software Engineer,SUSE,No office location,https://stackoverflow.com/jobs/514397
Software Architect - Remote,SemanticBits,No office location,https://stackoverflow.com/jobs/522641
CDI -  Senior Developper - Rennes,Steeple,"Rennes, France",https://stackoverflow.com/jobs/530505
Lead Data Scientist,Singapore Innovate Pte. Ltd,Singapore,https://stackoverflow.com/jobs/565885
Senior Java Software Developer,Genesys,No office location,https://stackoverflow.com/jobs/547957
Staff Site Reliability Engineer,McD Tech Labs,"Mountain View, CA",https://stackoverflow.com/jobs/534770
Senior DevOps Engineer (m/f/d) for Supply Chain Cloud Solutions,SupplyOn AG,"Dresden, Deutschland",https://stackoverflow.com/jobs/513203
"Software Engineer, Infrastructure, Education",Chan Zuckerberg Initiative,"Redwood City, CA",https://stackoverflow.com/jobs/565977
Software Engineer (m/w/d) IoT,Schuler Pressen GmbH,"Göppingen, Deutschland",https://stackoverflow.com/jobs/562572
Software Engineer II,"Comscore, Inc.","Portland, OR",https://stackoverflow.com/jobs/556548
System Administrator / DevOps,iubenda,"Milan, Italy",https://stackoverflow.com/jobs/566171
Full Stack Engineer,Odoo,"Buffalo, NY",https://stackoverflow.com/jobs/558069
Senior Kafka Messaging Software Engineer,Genesys,No office location,https://stackoverflow.com/jobs/547923
Data Engineer – Data Warehouse,Shopee Singapore Private Limited,Singapore,https://stackoverflow.com/jobs/565914
Business Intelligence Engineer (all genders),asgoodasnew electronics GmbH,"Berlin, Deutschland",https://stackoverflow.com/jobs/565661
C++ Software Engineer (100% remote),Percona Staffing LLC,No office location,https://stackoverflow.com/jobs/565985
JR0178225 OpenIPC Senior Software Engineer,Intel Corporation,"Hillsboro, OR",https://stackoverflow.com/jobs/542196
System Architect,Tucows,No office location,https://stackoverflow.com/jobs/560728
Senior Software Engineer - Material Analysis Team (C++) (m/w/d),Volume Graphics GmbH,"Heidelberg, Deutschland",https://stackoverflow.com/jobs/163095
"Senior Manager of Software Engineering, Data Platform (Remote Eligible)",Flyr Inc,"Los Angeles, CA",https://stackoverflow.com/jobs/530715
(Junior) Data Engineer (m/f/x) onsite or remote (in Germany),Scalable Capital GmbH,"München, Deutschland",https://stackoverflow.com/jobs/516327
Data Engineer for Insurtech Startup,iptiQ by Swiss Re,"Hoofddorp, Netherlands",https://stackoverflow.com/jobs/471200
Software Integration AI Engineer,Intel Corporation,"George Town, Malaysia",https://stackoverflow.com/jobs/552554
Experienced Backend Engineer - Java,"TheoremOne, LLC",No office location,https://stackoverflow.com/jobs/566085
System Administrator / DevOps,iubenda,"Milan, Italy",https://stackoverflow.com/jobs/566171
Full Stack Engineer,Odoo,"Buffalo, NY",https://stackoverflow.com/jobs/558069
Senior Kafka Messaging Software Engineer,Genesys,No office location,https://stackoverflow.com/jobs/547923
Backend Engineer - Tradeshift Engage,Tradeshift,"Aarhus, Denmark",https://stackoverflow.com/jobs/526909
Data Engineer – Data Warehouse,Shopee Singapore Private Limited,Singapore,https://stackoverflow.com/jobs/565914
Business Intelligence Engineer (all genders),asgoodasnew electronics GmbH,"Berlin, Deutschland",https://stackoverflow.com/jobs/565661
C++ Software Engineer (100% remote),Percona Staffing LLC,No office location,https://stackoverflow.com/jobs/565985
JR0178225 OpenIPC Senior Software Engineer,Intel Corporation,"Hillsboro, OR",https://stackoverflow.com/jobs/542196
Senior Software Engineer - Material Analysis Team (C++) (m/w/d),Volume Graphics GmbH,"Heidelberg, Deutschland",https://stackoverflow.com/jobs/163095
Sr. Software Eng. (Fog) - MobileCoin (Unicorn Startup): Cryptocurrency Platform,MobileCoinviaSource Coders,No office location,https://stackoverflow.com/jobs/566206
"Senior Software Engineer, Language",McD Tech Labs,"Mountain View, CA",https://stackoverflow.com/jobs/523798
"Senior Manager of Software Engineering, Data Platform (Remote Eligible)",Flyr Inc,"Los Angeles, CA",https://stackoverflow.com/jobs/530715
Data Engineer for Insurtech Startup,iptiQ by Swiss Re,"Hoofddorp, Netherlands",https://stackoverflow.com/jobs/471200
Web Systems Engineer - HPC Products,DUG Technology,"West Perth, Australia",https://stackoverflow.com/jobs/528138
Qt C++ SDK Software Development Engineer,Esri,"Redlands, CA",https://stackoverflow.com/jobs/561049
Senior DevOps Engineer (Remote),Slido,No office location,https://stackoverflow.com/jobs/519933
Software Designer,Topic Embedded Systems B.V.,"Best, Netherlands",https://stackoverflow.com/jobs/566186
DevOps- Engineer (m/w/d),Volume Graphics GmbH,"Heidelberg, Deutschland",https://stackoverflow.com/jobs/545615
Site Reliability Engineering Lead (Remote),Hotjar,No office location,https://stackoverflow.com/jobs/545198
DevOps Engineer @ Nozomi Networks,Nozomi Networks,"Mendrisio, Switzerland",https://stackoverflow.com/jobs/555314
"Senior Software Developer/Team Leader in Berlin, Hamburg, Göttingen or Abingdon",Evotec SE,"Berlin, Germany",https://stackoverflow.com/jobs/550234
Senior ML Engineer,Amaris.AI,Singapore,https://stackoverflow.com/jobs/533811
Full Stack Engineer,Zattoo,"Berlin, Germany",https://stackoverflow.com/jobs/565749
Lead DevOps Engineer (Remote),AssemblyAI,"San Francisco, CA",https://stackoverflow.com/jobs/566214
Senior Software Engineer,Stardog Union,No office location,https://stackoverflow.com/jobs/521448
Site Reliability Engineer,Zattoo,"Berlin, Germany",https://stackoverflow.com/jobs/565748
"Senior Software Engineer, Trust, Education",Chan Zuckerberg Initiative,"Redwood City, CA",https://stackoverflow.com/jobs/537679
(Senior) Frontend Engineer (m/w/d) - Trufa,Deloitte Deutschland,"Düsseldorf, Deutschland",https://stackoverflow.com/jobs/533749
Senior Frontend (TypeScript / React) Engineer (m/f/x),Alasco,"München, Germany",https://stackoverflow.com/jobs/559739
Staff Software Engineer C++ focus Intelligent Data Aggregation (m/f/d),CARIAD,"Wolfsburg, Germany",https://stackoverflow.com/jobs/547934
Full Stack Engineer,Zattoo,"Berlin, Germany",https://stackoverflow.com/jobs/565749
Site Reliability Engineer,Unzer GmbH,"Munich, Germany",https://stackoverflow.com/jobs/565663
Platform Engineer,"The Constant Company, LLC Creator of Vultr","West Palm Beach, FL",https://stackoverflow.com/jobs/565946
Experienced Software Engineer,Outschool,No office location,https://stackoverflow.com/jobs/550915
Junior DevOps Engineer / Site Reliability Engineer (m/w/d),IT SONIX CUSTOM DEVELOPMENT GMBH,"Leipzig, Deutschland",https://stackoverflow.com/jobs/566197
Software Development Engineer in Test,Intel Corporation,"Bengaluru, India",https://stackoverflow.com/jobs/539336
Software Engineer for observation devices (f/m),Safran Vectronix AG,"Heerbrugg, Switzerland",https://stackoverflow.com/jobs/507270
Senior Test Automation Engineer (f/m/d),Evotec SE,"Göttingen, Germany",https://stackoverflow.com/jobs/561035
SOFTWARE ENGINEER (m/w/d) für digitale Dienste und vernetzte Fahrzeuge,Honda R&D Europe (Deutschland) GmbH,"Offenbach am Main, Deutschland",https://stackoverflow.com/jobs/562414
Applied Researcher 1 - Ads,eBay,"San Francisco, CA",https://stackoverflow.com/jobs/566005
Site Reliability Engineer (Applied Machine Learning),ByteDance,Singapore,https://stackoverflow.com/jobs/553811
Senior Software Engineer / Ruby or Elixir/ Remote,The RealReal,No office location,https://stackoverflow.com/jobs/522850
VP of Engineering,TradeBlock,"New York, NY",https://stackoverflow.com/jobs/559195
"Senior Software Engineer, Javascript",Versus Systems,No office location,https://stackoverflow.com/jobs/556182
Werkstudent Software Engineering Data & ML (m/w/d),QuantCo,"Karlsruhe, Deutschland",https://stackoverflow.com/jobs/328986
"Testing Software Engineer, TikTok e-Commerce",ByteDance,Singapore,https://stackoverflow.com/jobs/533132
Software Defined Radio Developer,Captivation Software,"Aberdeen Proving Ground, MD",https://stackoverflow.com/jobs/316048
Senior 3D Graphics Engineer,Geomagical Labs,"Mountain View, CA",https://stackoverflow.com/jobs/565733
Software Engineer @ Enveil,Enveil,"Fulton, MD",https://stackoverflow.com/jobs/166432
Senior Software Engineer,Stardog Union,No office location,https://stackoverflow.com/jobs/521448
Platform Engineer,"The Constant Company, LLC Creator of Vultr","West Palm Beach, FL",https://stackoverflow.com/jobs/565946
Staff Software Engineer C++ focus Intelligent Data Aggregation (m/f/d),CARIAD,"Wolfsburg, Germany",https://stackoverflow.com/jobs/547934
Full Stack Engineer,Zattoo,"Berlin, Germany",https://stackoverflow.com/jobs/565749
Site Reliability Engineer,Unzer GmbH,"Munich, Germany",https://stackoverflow.com/jobs/565663
Jr. Software Engineer,FieldRoutes,No office location,https://stackoverflow.com/jobs/560734
Software Development Engineer in Test,Intel Corporation,"Bengaluru, India",https://stackoverflow.com/jobs/539336
Senior Backend Engineer,McD Tech Labs,"Mountain View, CA",https://stackoverflow.com/jobs/523791
Senior Test Automation Engineer (f/m/d),Evotec SE,"Göttingen, Germany",https://stackoverflow.com/jobs/561035
SOFTWARE ENGINEER (m/w/d) für digitale Dienste und vernetzte Fahrzeuge,Honda R&D Europe (Deutschland) GmbH,"Offenbach am Main, Deutschland",https://stackoverflow.com/jobs/562414
Senior .Net Engineer,Pinnacle Solutions Group,"Charlotte, NC",https://stackoverflow.com/jobs/546564
Applied Researcher 1 - Ads,eBay,"San Francisco, CA",https://stackoverflow.com/jobs/566005
Senior Software Engineer | Cryptocurrency trading | C++/Rust,BlockTech,"Amsterdam, Netherlands",https://stackoverflow.com/jobs/501179
Site Reliability Engineer (Applied Machine Learning),ByteDance,Singapore,https://stackoverflow.com/jobs/553811
Senior Software Engineer / Ruby or Elixir/ Remote,The RealReal,No office location,https://stackoverflow.com/jobs/522850
VP of Engineering,TradeBlock,"New York, NY",https://stackoverflow.com/jobs/559195
Senior Software Engineer,Administrate,"Edinburgh, UK",https://stackoverflow.com/jobs/522939
"Senior Data Engineer, Education",Chan Zuckerberg Initiative,"Redwood City, CA",https://stackoverflow.com/jobs/565328
"Senior Software Engineer, Javascript",Versus Systems,No office location,https://stackoverflow.com/jobs/556182
Software-Entwickler (m/w/d),innoventis GmbH,"Würzburg, Deutschland",https://stackoverflow.com/jobs/561812
Werkstudent Software Engineering Data & ML (m/w/d),QuantCo,"Karlsruhe, Deutschland",https://stackoverflow.com/jobs/328986
"Testing Software Engineer, TikTok e-Commerce",ByteDance,Singapore,https://stackoverflow.com/jobs/533132
Senior 3D Graphics Engineer,Geomagical Labs,"Mountain View, CA",https://stackoverflow.com/jobs/565733
Cloud Software Developer,Intel Corporation,"Guadalajara, Mexico",https://stackoverflow.com/jobs/557644
"DevOps Engineer, Cloud Data Warehouse",ByteDance,Singapore,https://stackoverflow.com/jobs/550284
Software Engineer @ Enveil,Enveil,"Fulton, MD",https://stackoverflow.com/jobs/166432
*REMOTE* Lead (Senior) Kotlin & Java Engineer (m/f/x) High-Load Search-Engine,"AVANTGARDE - ""Creating Fans""",No office location,https://stackoverflow.com/jobs/529656
(Senior) Frontend Engineer (m/w/d) - Trufa,Deloitte Deutschland,"Düsseldorf, Deutschland",https://stackoverflow.com/jobs/533749
Développeur Elm/Typescript React/Angular (F/H),Thegreendata,"Paris, France",https://stackoverflow.com/jobs/528472
Staff Site Reliability Engineer (Traffic),"Wikimedia Foundation, Inc.",No office location,https://stackoverflow.com/jobs/566247
Developer (Focus Backend) who loves to work on the Green Energy Transformation,HYDROGRID GmbH,"Vienna, Austria",https://stackoverflow.com/jobs/562576
Research Scientist with focus on Interventional Ultrasound (f/m/x),ImFusion GmbH,"München, Deutschland",https://stackoverflow.com/jobs/562664
Cloud Software Engineer,Intel Corporation,"Gdańsk, Poland",https://stackoverflow.com/jobs/529942
Software Engineer (HVM),Intel Corporation,"Kulim, Malaysia",https://stackoverflow.com/jobs/538188
Data Engineer,CGI Suomi,"Helsinki, Finland",https://stackoverflow.com/jobs/559232
"Software Engineering, Analyst",MUFG,"Charlotte, NC",https://stackoverflow.com/jobs/559440
Software Engineer,ASRC Federal,"Moorestown, NJ",https://stackoverflow.com/jobs/501183
Software Developer (künstliche Intelligenz) - für E-Commerce Agentur in Bremen,hmmh multimediahaus AG,No office location,https://stackoverflow.com/jobs/529059
Senior Front-end Developer,Marketer Technologies AS,"Oslo, Norway",https://stackoverflow.com/jobs/541502
Softwareentwickler* Autonomes Fahren Level 3,EDAG Group,"Lindau (Bodensee), Deutschland",https://stackoverflow.com/jobs/566120
Senior Software Engineer - Linux Engineering,Canonical,No office location,https://stackoverflow.com/jobs/540018
Senior Software Engineer - Launchpad,Canonical,No office location,https://stackoverflow.com/jobs/530389
Sr Cloud Engineer,RapDev.io,"Boston, MA",https://stackoverflow.com/jobs/565781
Lead Data Engineer (m/f/x),Scalable Capital GmbH,"München, Deutschland",https://stackoverflow.com/jobs/536037
Lead Software Development Engineer in Test (SDET) - #12 of Top-100 Marketplaces,StyleSeat,No office location,https://stackoverflow.com/jobs/561459
Senior QA Automation Engineer,Alfi Inc.,"Denver, CO",https://stackoverflow.com/jobs/520178
Process Engineering Graduate Intern,Intel Corporation,"Albuquerque, NM",https://stackoverflow.com/jobs/531835
Process Engineering Graduate Intern,Intel Corporation,"Albuquerque, NM",https://stackoverflow.com/jobs/531834
Full Stack Developer,Rakettitiede,"Helsinki, Finland",https://stackoverflow.com/jobs/522743
Senior Backend Engineer,McD Tech Labs,"Mountain View, CA",https://stackoverflow.com/jobs/523791
Research Scientist with focus on Interventional Ultrasound (f/m/x),ImFusion GmbH,"München, Deutschland",https://stackoverflow.com/jobs/562664
"DevOps Engineer, Cloud Data Warehouse",ByteDance,Singapore,https://stackoverflow.com/jobs/550284
DevOps Team Lead,Self Decode,No office location,https://stackoverflow.com/jobs/557000
Technical Support Engineer,Odoo,"San Francisco, CA",https://stackoverflow.com/jobs/558070
Praktikant (m/w/d) Data Analytics,ING Deutschland,"Frankfurt am Main, Deutschland",https://stackoverflow.com/jobs/556419
Site Reliability Engineer,Altmetric,"London, UK",https://stackoverflow.com/jobs/562550
Staff Machine Learning Engineer - REMOTE,The RealReal,"Remote, OR",https://stackoverflow.com/jobs/552039
Full Stack Engineer,Odoo,"San Francisco, CA",https://stackoverflow.com/jobs/524056
Test Process and Module Engineer (Platform),Intel Corporation,"George Town, Malaysia",https://stackoverflow.com/jobs/552555
Senior Software Engineer - Cloud Engineering,Canonical,No office location,https://stackoverflow.com/jobs/535495
Linux Cloud Consultant - Americas,Canonical,No office location,https://stackoverflow.com/jobs/562585
"Senior Software Engineer, Trust, Education",Chan Zuckerberg Initiative,"Redwood City, CA",https://stackoverflow.com/jobs/537679
Fullstack Software Engineer (m/w/d),NETZSCH Process Intelligence GmbH,"Selb, Deutschland",https://stackoverflow.com/jobs/565604
(Senior) Frontend Engineer (m/w/d) - Trufa,Deloitte Deutschland,"Düsseldorf, Deutschland",https://stackoverflow.com/jobs/533749
Développeur Elm/Typescript React/Angular (F/H),Thegreendata,"Paris, France",https://stackoverflow.com/jobs/528472
"Senior Support & Software Engineer, Tokyo (Remote)",Canonical,No office location,https://stackoverflow.com/jobs/534042
Senior Software Engineer - Data Lake,Mimecast,"London, UK",https://stackoverflow.com/jobs/558739
Software-Entwickler/-innen (m/w/d) als Referentinnen/Referenten,Bundesamt für Verfassungsschutz,"Köln, Deutschland",https://stackoverflow.com/jobs/564679
Senior DevOps Engineer (Nordic or Germany),Nets Group,"Helsingfors, Finland",https://stackoverflow.com/jobs/565836
"DevOps Engineer für Softwareentwicklung, z. B. Informatiker (w/m/d)",emsys grid services GmbH,"Oldenburg, Deutschland",https://stackoverflow.com/jobs/565260
Software Engineer - Silicon Product Design,Intel Corporation,"Hillsboro, OR",https://stackoverflow.com/jobs/530198
Staff Site Reliability Engineer (Traffic),"Wikimedia Foundation, Inc.",No office location,https://stackoverflow.com/jobs/566247
*REMOTE* Lead (Senior) Kotlin & Java Engineer (m/f/x) High-Load Search-Engine,"AVANTGARDE - ""Creating Fans""",No office location,https://stackoverflow.com/jobs/529656
Product Owner als Entwicklungsredakteur (m/w/d),ZEIT Verlagsgruppe,"Berlin, Deutschland",https://stackoverflow.com/jobs/562662
Senior Software Development Engineer in Test (SDET),Creative Assembly,"Horsham, UK",https://stackoverflow.com/jobs/513451
Applied Researcher 1 - Ads,eBay,"San Francisco, CA",https://stackoverflow.com/jobs/566005
Senior Backend Engineer,McD Tech Labs,"Mountain View, CA",https://stackoverflow.com/jobs/523791
Frontend Engineer (m/w/d),QuantCo,"Karlsruhe, Deutschland",https://stackoverflow.com/jobs/553014
VP of Engineering,TradeBlock,"New York, NY",https://stackoverflow.com/jobs/559195
Build Engineer,Flow Traders,"Amsterdam, Netherlands",https://stackoverflow.com/jobs/117221
Site Reliability Engineer - Infrastructure Engineering,ByteDance,Singapore,https://stackoverflow.com/jobs/553810
Full Stack Developer (m/w/d),CAS AG,"Hamburg, Deutschland",https://stackoverflow.com/jobs/524589
(Junior) Consultant (m/w/d) - IT Implementierungsspezialist / Global Employer Se,Deloitte Deutschland,"Düsseldorf, Deutschland",https://stackoverflow.com/jobs/556992
Cloud Software Engineer,Intel Corporation,"Guadalajara, Mexico",https://stackoverflow.com/jobs/536886
Field Software Engineer - EMEA,Canonical,No office location,https://stackoverflow.com/jobs/501791
Senior/Mid Data Engineer - California or Full Remote,FieldLevel,"Solana Beach, CA",https://stackoverflow.com/jobs/533161
Build/Release Engineer,Tausight,No office location,https://stackoverflow.com/jobs/556779
Data Engineer (Remote),X-Team,No office location,https://stackoverflow.com/jobs/534443
Senior 3D Graphics Engineer,Geomagical Labs,"Mountain View, CA",https://stackoverflow.com/jobs/565733
Software Engineer,Intel Corporation,"Hillsboro, OR",https://stackoverflow.com/jobs/530570
Senior Software Engineer (Java) – Analytics & Data Infrastructure Team,Mimecast,"London, UK",https://stackoverflow.com/jobs/558740
"Data Scientist, Machine Learning Evaluation",McD Tech Labs,"Mountain View, CA",https://stackoverflow.com/jobs/523805
Software Engineer - Docker Images & Community,Canonical,No office location,https://stackoverflow.com/jobs/534266
Senior Business Intelligence Analyst (f/m/x),Cosuno,"Berlin, Germany",https://stackoverflow.com/jobs/520303
Senior DevOps Engineer,Revieve Oy,"Helsinki, Finland",https://stackoverflow.com/jobs/554528
Senior DevSecOps Engineer - REMOTE,MUFG,No office location,https://stackoverflow.com/jobs/559426
Senior DevOps Engineer,AIR MILES,"Toronto, ON, Canada",https://stackoverflow.com/jobs/539243
Senior Backend Engineer,Singapore Innovate Pte. Ltd,Singapore,https://stackoverflow.com/jobs/561308
Site Reliability Engineer (Applied Machine Learning),ByteDance,Singapore,https://stackoverflow.com/jobs/553811
Staff Machine Learning Engineer - REMOTE,The RealReal,"Remote, OR",https://stackoverflow.com/jobs/552039
Full Stack Developer (m/w/d),CAS AG,"Hamburg, Deutschland",https://stackoverflow.com/jobs/524589
Ethernet Technologies RDMA Software Applications Engineer,Intel Corporation,"Austin, TX",https://stackoverflow.com/jobs/530201
Software Engineer,Intel Corporation,"Hillsboro, OR",https://stackoverflow.com/jobs/530570
Cloud Native Senior Software Engineer,Intel Corporation,"Dublin, Ireland",https://stackoverflow.com/jobs/548771
Test Automation Engineer,AE nv/sa,"Dilbeek, Belgium",https://stackoverflow.com/jobs/525138
Senior/Mid Data Engineer - California or Full Remote,FieldLevel,"Solana Beach, CA",https://stackoverflow.com/jobs/533161
"Data Scientist, Machine Learning Evaluation",McD Tech Labs,"Mountain View, CA",https://stackoverflow.com/jobs/523805
Build/Release Engineer,Tausight,No office location,https://stackoverflow.com/jobs/556779
Senior Site Reliability Engineer (ServiceOps),"Wikimedia Foundation, Inc.",No office location,https://stackoverflow.com/jobs/566259
Senior Business Intelligence Analyst (f/m/x),Cosuno,"Berlin, Germany",https://stackoverflow.com/jobs/520303
Senior Software Engineer (Java) – Analytics & Data Infrastructure Team,Mimecast,"London, UK",https://stackoverflow.com/jobs/558740
Senior DevOps Engineer,Revieve Oy,"Helsinki, Finland",https://stackoverflow.com/jobs/554528
Senior DevSecOps Engineer - REMOTE,MUFG,No office location,https://stackoverflow.com/jobs/559426
Senior DevOps Engineer,AIR MILES,"Toronto, ON, Canada",https://stackoverflow.com/jobs/539243
"Systems Engineering, Analyst",MUFG,"Charlotte, NC",https://stackoverflow.com/jobs/559441
Software Engineer - Docker Images & Community,Canonical,No office location,https://stackoverflow.com/jobs/534266
Software Development Engineer in Test,"ESO Solutions, Inc.","Belfast, UK",https://stackoverflow.com/jobs/528503
McCloud HPC Expert,DUG Technology,"West Perth, Australia",https://stackoverflow.com/jobs/396027
Senior Backend Engineer,Singapore Innovate Pte. Ltd,Singapore,https://stackoverflow.com/jobs/561308
Automotive Security Engineer (m/w/d),Method Park,"Erlangen, Deutschland",https://stackoverflow.com/jobs/558406
Embedded Software Development Engineer,Baker Hughes,"Groby, UK",https://stackoverflow.com/jobs/560598
Senior Software Engineer for growing VC-backed UK startup (based in UK/Europe),Snowplow Analytics,No office location,https://stackoverflow.com/jobs/536083
"Data Scientist, Performance Media","Horizon Media Holdings, Inc",No office location,https://stackoverflow.com/jobs/561829
Software Engineer,MUFG,"Charlotte, NC",https://stackoverflow.com/jobs/559421
Full Stack Developer,BOTS by RevenYOU,"Haarlem, Netherlands",https://stackoverflow.com/jobs/533368
"Site Reliability Engineer, Kubernetes",camunda,No office location,https://stackoverflow.com/jobs/550386
Softwareentwickler* – Securityfunktionen,IAV GmbH,"Berlin, Deutschland",https://stackoverflow.com/jobs/562569
Software Development Engineer in Test,"ESO Solutions, Inc.","Belfast, UK",https://stackoverflow.com/jobs/528503
Backend Engineer,Akselos S.A.,"Lausanne, Switzerland",https://stackoverflow.com/jobs/519931
Jr. Software Engineer,FieldRoutes,No office location,https://stackoverflow.com/jobs/560734
Product Engineer I - Real Time & Big Data,Esri,"Redlands, CA",https://stackoverflow.com/jobs/566044
Software Engineer - Cloud Images,Canonical,No office location,https://stackoverflow.com/jobs/454599
Senior Software Engineer for growing VC-backed UK startup (based in UK/Europe),Snowplow Analytics,No office location,https://stackoverflow.com/jobs/536083
Automotive Security Engineer (m/w/d),Method Park,"Erlangen, Deutschland",https://stackoverflow.com/jobs/558406
Linux Developer Experience Lead,Canonical,No office location,https://stackoverflow.com/jobs/565542
Senior Software Engineer,Administrate,"Edinburgh, UK",https://stackoverflow.com/jobs/522939
"Data Scientist, Performance Media","Horizon Media Holdings, Inc",No office location,https://stackoverflow.com/jobs/561829
Embedded Software Development Engineer,Baker Hughes,"Groby, UK",https://stackoverflow.com/jobs/560598
Senior .Net Engineer,Pinnacle Solutions Group,"Charlotte, NC",https://stackoverflow.com/jobs/546564
"Data Architect, Data Platform",Flyr Inc,"Los Angeles, CA",https://stackoverflow.com/jobs/529117
Full Stack Developer,BOTS by RevenYOU,"Haarlem, Netherlands",https://stackoverflow.com/jobs/533368
Data Engineer,Hubs,"Amsterdam, Netherlands",https://stackoverflow.com/jobs/558873
(Junior) Robotic Process Automation Developer (m/w/d) zur Entwicklung und Einsat,Hannover Rück SE,"Hannover, Deutschland",https://stackoverflow.com/jobs/562404
"Mathematiker, Physiker, Ing. Luft- und Raumfahrttech., Maschinenbau o.ä. (w/m/d)",Deutsches Zentrum für Luft- und Raumfahrt e. V. (DLR),"Göttingen, Deutschland",https://stackoverflow.com/jobs/566144
Senior Data Scientist,komoot,No office location,https://stackoverflow.com/jobs/566225
"Senior Data Engineer, Education",Chan Zuckerberg Initiative,"Redwood City, CA",https://stackoverflow.com/jobs/565328
Software-Entwickler (m/w/d),innoventis GmbH,"Würzburg, Deutschland",https://stackoverflow.com/jobs/561812
Senior DevOps Platform Engineer,Blinks Labs GmbH,"Berlin, Germany",https://stackoverflow.com/jobs/565687
Deployment Engineer / Solutions Architect,Enveil,"Fulton, MD",https://stackoverflow.com/jobs/319752
Analytics Engineer,Slido,"Bratislava, Slovakia",https://stackoverflow.com/jobs/555451
Senior Data Engineer E-Commerce (m/w/d),Peek & Cloppenburg,"Düsseldorf, Germany",https://stackoverflow.com/jobs/565672
"Systems Engineering, Analyst",MUFG,"Charlotte, NC",https://stackoverflow.com/jobs/559441
DevOps Cloud Engineer (Kubernetes) - Remote,IG Group,No office location,https://stackoverflow.com/jobs/532885
Senior Software Engineer for growing VC-backed UK startup (based in UK/Europe),Snowplow Analytics,No office location,https://stackoverflow.com/jobs/536083
Automotive Security Engineer (m/w/d),Method Park,"Erlangen, Deutschland",https://stackoverflow.com/jobs/558406
IT System Administrator / DevOps (f/m/x),ImFusion GmbH,"München, Deutschland",https://stackoverflow.com/jobs/562665
Linux Developer Experience Lead,Canonical,No office location,https://stackoverflow.com/jobs/565542
Backend Engineer,Akselos S.A.,"Lausanne, Switzerland",https://stackoverflow.com/jobs/519931
"Data Scientist, Performance Media","Horizon Media Holdings, Inc",No office location,https://stackoverflow.com/jobs/561829
Embedded Software Development Engineer,Baker Hughes,"Groby, UK",https://stackoverflow.com/jobs/560598
"Data Architect, Data Platform",Flyr Inc,"Los Angeles, CA",https://stackoverflow.com/jobs/529117
Full Stack Developer,BOTS by RevenYOU,"Haarlem, Netherlands",https://stackoverflow.com/jobs/533368
IT Service Management Practitioner,MITRE,"McLean, VA",https://stackoverflow.com/jobs/515350
(Junior) Robotic Process Automation Developer (m/w/d) zur Entwicklung und Einsat,Hannover Rück SE,"Hannover, Deutschland",https://stackoverflow.com/jobs/562404
"Mathematiker, Physiker, Ing. Luft- und Raumfahrttech., Maschinenbau o.ä. (w/m/d)",Deutsches Zentrum für Luft- und Raumfahrt e. V. (DLR),"Göttingen, Deutschland",https://stackoverflow.com/jobs/566144
"Site Reliability Engineer, Kubernetes",camunda,No office location,https://stackoverflow.com/jobs/550386
Data Engineer,Hubs,"Amsterdam, Netherlands",https://stackoverflow.com/jobs/558873
DevOps Engineer (m/w/d) | The Garage,Deloitte Deutschland,"Düsseldorf, Deutschland",https://stackoverflow.com/jobs/545252
Senior Backend Developer (m/f/d),Enote GmbH,"Berlin, Deutschland",https://stackoverflow.com/jobs/565938
Senior DevOps Platform Engineer,Blinks Labs GmbH,"Berlin, Germany",https://stackoverflow.com/jobs/565687
Senior Data Scientist,komoot,No office location,https://stackoverflow.com/jobs/566225
Deployment Engineer / Solutions Architect,Enveil,"Fulton, MD",https://stackoverflow.com/jobs/319752
DevOps Engineer,Flyr Inc,No office location,https://stackoverflow.com/jobs/522896
Senior DevOps Practitioner,MITRE,"McLean, VA",https://stackoverflow.com/jobs/514496
DevOps Engineer,Picnic,"Amsterdam, Netherlands",https://stackoverflow.com/jobs/166839
DevOps Engineer,Esri,"Redlands, CA",https://stackoverflow.com/jobs/566039
"Senior Java Engineer - Consult with great companies, technologies and solutions",Pinnacle Solutions Group,"Charlotte, NC",https://stackoverflow.com/jobs/197952
Operations Engineer / Linux Administrator (m/f/d),AnyDesk Software GmbH,"Stuttgart, Deutschland",https://stackoverflow.com/jobs/565597
Softwareentwickler C++ (m/w/d) Prüfstandsautomatisierung,APL Automobil-Prüftechnik Landau GmbH,"Landau in der Pfalz, Deutschland",https://stackoverflow.com/jobs/526623
Ethernet Manageability Applications Engineer,Intel Corporation,"Austin, TX",https://stackoverflow.com/jobs/530200
Test Engineer Connected Car (m/w/d),Pixida GmbH,"München, Deutschland",https://stackoverflow.com/jobs/564480
Sr. Test Engineer,Rain Bird Corporation,"Tucson, AZ",https://stackoverflow.com/jobs/555341
Graphics Software Engineer,Intel Corporation,"Shanghai, China",https://stackoverflow.com/jobs/543846
"Cloud Operations Engineer, EMEA",Canonical,No office location,https://stackoverflow.com/jobs/522546
Site Reliability Engineer,The Warehouse Limited,"Auckland, New Zealand",https://stackoverflow.com/jobs/538161
Senior Machine Learning/ Deep Learning Engineer (m/f/d),Motius GmbH,"München, Deutschland",https://stackoverflow.com/jobs/565744
Machine Learning Engineer,"Betterup, Inc.",No office location,https://stackoverflow.com/jobs/523562
Cloud Platform Engineer (d/m/w) Data & Analytics,DEVK Versicherungen,"Köln, Deutschland",https://stackoverflow.com/jobs/526685
Test Engineer,ASRC Federal,"Moorestown, NJ",https://stackoverflow.com/jobs/500822
Cloud Field Engineer - Americas,Canonical,No office location,https://stackoverflow.com/jobs/566035
Operations engineer,Giocaonline s.r.l.,"Milan, Italy",https://stackoverflow.com/jobs/529295
"Container Platform Engineer, Vice President",MUFG,No office location,https://stackoverflow.com/jobs/559420
"Product Manager, Data & Analytics Solutions (Campus)",Azendian Solutions Pte. Ltd.,Singapore,https://stackoverflow.com/jobs/565767
DevOps Cloud Engineer (Kubernetes) - Remote,IG Group,No office location,https://stackoverflow.com/jobs/532885
Senior Cloud Security Engineer,MUFG,"Charlotte, NC",https://stackoverflow.com/jobs/559434
IT System Administrator / DevOps (f/m/x),ImFusion GmbH,"München, Deutschland",https://stackoverflow.com/jobs/562665
"Software Engineer, AVP",MUFG,"Charlotte, NC",https://stackoverflow.com/jobs/559429
C Embedded Engineer,SQUAD,"Kyiv, Ukraine",https://stackoverflow.com/jobs/516403
Automation Developer - Operations,MHR,"Ruddington, UK",https://stackoverflow.com/jobs/544506
QA Devops Engineer - Open Source Database Solutions (remote),Percona Staffing LLC,No office location,https://stackoverflow.com/jobs/562423
Senior Android Engineer,Livefront,"Minneapolis, MN",https://stackoverflow.com/jobs/521510
IT System Administrator / DevOps (f/m/x),ImFusion GmbH,"München, Deutschland",https://stackoverflow.com/jobs/562665
Linux Developer Experience Lead,Canonical,No office location,https://stackoverflow.com/jobs/565542
Backend Engineer,Akselos S.A.,"Lausanne, Switzerland",https://stackoverflow.com/jobs/519931
"Data Architect, Data Platform",Flyr Inc,"Los Angeles, CA",https://stackoverflow.com/jobs/529117
IT Service Management Practitioner,MITRE,"McLean, VA",https://stackoverflow.com/jobs/515350
"Site Reliability Engineer, Kubernetes",camunda,No office location,https://stackoverflow.com/jobs/550386
Senior Fullstack Engineer,AMBOSS,"Berlin, Germany",https://stackoverflow.com/jobs/557771
Data Engineer,Hubs,"Amsterdam, Netherlands",https://stackoverflow.com/jobs/558873
DevOps Engineer (m/w/d) | The Garage,Deloitte Deutschland,"Düsseldorf, Deutschland",https://stackoverflow.com/jobs/545252
Senior Backend Developer (m/f/d),Enote GmbH,"Berlin, Deutschland",https://stackoverflow.com/jobs/565938
Senior DevOps Platform Engineer,Blinks Labs GmbH,"Berlin, Germany",https://stackoverflow.com/jobs/565687
Senior Data Scientist,komoot,No office location,https://stackoverflow.com/jobs/566225
Deployment Engineer / Solutions Architect,Enveil,"Fulton, MD",https://stackoverflow.com/jobs/319752
Senior Infra and DevSecOps Engineer,Amaris.AI,Singapore,https://stackoverflow.com/jobs/533810
Experienced Data Engineer,Accenture Romania,"Bucharest, Romania",https://stackoverflow.com/jobs/525561
Senior DevOps Practitioner,MITRE,"McLean, VA",https://stackoverflow.com/jobs/514496
Test Engineer,ASRC Federal,"Moorestown, NJ",https://stackoverflow.com/jobs/500822
Senior Full Stack Engineer,NOCD,"Chicago, IL",https://stackoverflow.com/jobs/512069
"Container Platform Engineer, Vice President",MUFG,No office location,https://stackoverflow.com/jobs/559420
"Product Manager, Data & Analytics Solutions (Campus)",Azendian Solutions Pte. Ltd.,Singapore,https://stackoverflow.com/jobs/565767
"Experienced DevOps Consultant, GitLab/GitHub",Eficode Finland,"Helsinki, Finland",https://stackoverflow.com/jobs/559636
Artificial Intelligence / Autonomy Engineer,MITRE,"McLean, VA",https://stackoverflow.com/jobs/523955
Data Engineer,Common Code,"Melbourne, Australia",https://stackoverflow.com/jobs/554797
Senior Cloud Infrastructure Engineer - OPEN TO REMOTE,The RealReal,"San Francisco, CA",https://stackoverflow.com/jobs/552029
"Site Reliability Engineer, Kubernetes",camunda,No office location,https://stackoverflow.com/jobs/550386
DevOps Engineer,SignalWire,No office location,https://stackoverflow.com/jobs/561307
Senior Software Engineer,Administrate,No office location,https://stackoverflow.com/jobs/522941
Senior DevOps Engineer,The Orchard,"London, UK",https://stackoverflow.com/jobs/543315
Systems Engineer Linux/Site Reliability Engineer (m/w/d),JobRad GmbH,"Freiburg im Breisgau, Deutschland",https://stackoverflow.com/jobs/563122
"Senior Data Engineer, People Analytics (f/m/d)",Delivery Hero SE,"Berlin, Germany",https://stackoverflow.com/jobs/566147
Senior Backend Developer (m/f/d),Enote GmbH,"Berlin, Deutschland",https://stackoverflow.com/jobs/565938
Full Stack Lead/Architect (Sr. Deep Learning R and D Engineer),Intel Corporation,"Bengaluru, India",https://stackoverflow.com/jobs/539294
"Cloud Engineer (Azure, Google Cloud Platform, AWS)",ti&m AG,"Bern, Schweiz",https://stackoverflow.com/jobs/522337
Senior Full Stack Engineer,NOCD,"Chicago, IL",https://stackoverflow.com/jobs/512069
"Lead Engineer – SRE, Automation",LMAX Group,"London, UK",https://stackoverflow.com/jobs/544001
Ecosystems Software Engineer,Intel Corporation,"George Town, Malaysia",https://stackoverflow.com/jobs/552553
Linux Developer Experience Lead,Canonical,No office location,https://stackoverflow.com/jobs/565542
Senior DevOps Engineer,Zenjob,"Berlin, Germany",https://stackoverflow.com/jobs/552356
Senior DevOps Engineer,Supermetrics Oy,No office location,https://stackoverflow.com/jobs/559002
"Senior Developer (React, Node.js) (m/f/d)",Ziegert EverEstate GmbH,"Berlin, Deutschland",https://stackoverflow.com/jobs/394267
"Experienced DevOps Consultant, GitLab/GitHub",Eficode Finland,"Helsinki, Finland",https://stackoverflow.com/jobs/559636
"Data Architect, Data Platform",Flyr Inc,"Los Angeles, CA",https://stackoverflow.com/jobs/529117
Senior Software Engineer,Administrate,No office location,https://stackoverflow.com/jobs/522940
Security Engineer - APPSEC (f/m/x),PPRO,"München, Germany",https://stackoverflow.com/jobs/554399
Senior SRE / DevOps Engineer (m/f/d),CARIAD,"Wolfsburg, Germany",https://stackoverflow.com/jobs/561427
Senior DevOps Platform Engineer,Blinks Labs GmbH,"Berlin, Germany",https://stackoverflow.com/jobs/565687
"Senior Cloud Engineer (m/w/d) - Deutsch C1 erforderlich, 80-90% remote möglich",Ganz & Stock,"Offenburg, Deutschland",https://stackoverflow.com/jobs/565776
Sr. Application Security Engineer,MUFG,"New York, NY",https://stackoverflow.com/jobs/559422
System Administrator,AudioValley,"Anderlecht, Belgium",https://stackoverflow.com/jobs/559307
Senior SRE / DevOps Engineer (m/f/d),CARIAD,"Wolfsburg, Germany",https://stackoverflow.com/jobs/561427
Intermediate Observability Engineer,Derivco.,"Umhlanga, South Africa",https://stackoverflow.com/jobs/528647
"Senior Data Engineer, People Analytics (f/m/d)",Delivery Hero SE,"Berlin, Germany",https://stackoverflow.com/jobs/566147
Sr. Director SRE,Genesys,No office location,https://stackoverflow.com/jobs/552041
"Cloud Engineer (Azure, Google Cloud Platform, AWS)",ti&m AG,"Bern, Schweiz",https://stackoverflow.com/jobs/522337
"Lead Engineer – SRE, Automation",LMAX Group,"London, UK",https://stackoverflow.com/jobs/544001
Ecosystems Software Engineer,Intel Corporation,"George Town, Malaysia",https://stackoverflow.com/jobs/552553
Data Scientist,AutoTrader,"Toronto, ON, Canada",https://stackoverflow.com/jobs/529015
Full Stack Lead/Architect (Sr. Deep Learning R and D Engineer),Intel Corporation,"Bengaluru, India",https://stackoverflow.com/jobs/539294
Senior DevOps Engineer,Zenjob,"Berlin, Germany",https://stackoverflow.com/jobs/552356
Senior DevOps Engineer,Supermetrics Oy,No office location,https://stackoverflow.com/jobs/559002
"VP, Software Engineering",Canonical,No office location,https://stackoverflow.com/jobs/553806
DevOps / SRE Engineer (f/m/d),HeidelbergCement AG,"Heidelberg, Deutschland",https://stackoverflow.com/jobs/555115
Security Engineer - APPSEC (f/m/x),PPRO,"München, Germany",https://stackoverflow.com/jobs/554399
"Senior Developer (React, Node.js) (m/f/d)",Ziegert EverEstate GmbH,"Berlin, Deutschland",https://stackoverflow.com/jobs/394267
Sr. Application Security Engineer,MUFG,"New York, NY",https://stackoverflow.com/jobs/559422
Sr. DevOps Engineer,SpaceX,"Hawthorne, CA",https://stackoverflow.com/jobs/562440
"Sr. Software Engineer, Machine Learning Infrastructure",Chan Zuckerberg Initiative,"Redwood City, CA",https://stackoverflow.com/jobs/565330
Data Engineer (m/w/d) | The Garage,Deloitte Deutschland,"Düsseldorf, Deutschland",https://stackoverflow.com/jobs/545256
Software Engineering Manager - Canonical Fast Track,Canonical,No office location,https://stackoverflow.com/jobs/561984
Solution Engineer (m/w/d) - Cloud AWS,Deloitte Deutschland,"Düsseldorf, Deutschland",https://stackoverflow.com/jobs/533754
Senior Software Engineer,Administrate,No office location,https://stackoverflow.com/jobs/522940
"Senior Cloud Engineer (m/w/d) - Deutsch C1 erforderlich, 80-90% remote möglich",Ganz & Stock,"Offenburg, Deutschland",https://stackoverflow.com/jobs/565776
System Administrator,AudioValley,"Anderlecht, Belgium",https://stackoverflow.com/jobs/559307
Senior Data Analyst,komoot,No office location,https://stackoverflow.com/jobs/566227
Senior DevOps Engineer Consultant |  Full-time or Contract | Remote,Copado Strategic Services,No office location,https://stackoverflow.com/jobs/517961
"Director, Shipping Science",eBay,"Bellevue, WA",https://stackoverflow.com/jobs/565970
Sr. Director SRE,Genesys,No office location,https://stackoverflow.com/jobs/552041
"Sr. Software Engineer, Machine Learning Infrastructure",Chan Zuckerberg Initiative,"Redwood City, CA",https://stackoverflow.com/jobs/565330
Data Scientist,AutoTrader,"Toronto, ON, Canada",https://stackoverflow.com/jobs/529015
"Senior Software Development Engineer in Test - (SDET, US Only)","Pie Insurance Holdings, Inc.",No office location,https://stackoverflow.com/jobs/506438
Sr. Application Security Engineer,MUFG,"New York, NY",https://stackoverflow.com/jobs/559422
Sr. DevOps Engineer,SpaceX,"Hawthorne, CA",https://stackoverflow.com/jobs/562440
Senior Software Engineer (Java)- Database Services,Mimecast,"London, UK",https://stackoverflow.com/jobs/558741
Graphics SRIOV Virtualization Developer,Intel Corporation,"Bengaluru, India",https://stackoverflow.com/jobs/539293
Solution Engineer (m/w/d) - Cloud AWS,Deloitte Deutschland,"Düsseldorf, Deutschland",https://stackoverflow.com/jobs/533754
Senior Data Analyst,komoot,No office location,https://stackoverflow.com/jobs/566227
IT Service Management Practitioner,MITRE,"McLean, VA",https://stackoverflow.com/jobs/515350
Lead Azure Cloud Engineer,MITRE,"Bedford, MA",https://stackoverflow.com/jobs/515328
Linux Kernel Engineer,Canonical,"Taipei, Taiwan",https://stackoverflow.com/jobs/454598
Software Engineer,Intel Corporation,"Hillsboro, OR",https://stackoverflow.com/jobs/530206
Data Science - Engineering Manager,Belvo Technologies,No office location,https://stackoverflow.com/jobs/559029
Senior DevOps Platform Delivery Engineer,MITRE,"McLean, VA",https://stackoverflow.com/jobs/528317
DevOps Engineer (m/w/d) | The Garage,Deloitte Deutschland,"Düsseldorf, Deutschland",https://stackoverflow.com/jobs/545252
DevOps Engineer (m/w/d),CIS Solutions GmbH,"Ismaning, Deutschland",https://stackoverflow.com/jobs/371069
Network Software Engineer,Intel Corporation,"Bengaluru, India",https://stackoverflow.com/jobs/539257
Embedded Linux Engineer,Canonical,No office location,https://stackoverflow.com/jobs/541320
DevOps Engineer  (Jede*r),tarent solutions GmbH,No office location,https://stackoverflow.com/jobs/555101
"QA Engineer, Order Management",Suomen Osuuskauppojen Keskuskunta (SOK),"Helsinki, Finland",https://stackoverflow.com/jobs/565961
Platform Engineer,SUSE,No office location,https://stackoverflow.com/jobs/555636
Site Reliability Engineer - Terraform,SpotMe,No office location,https://stackoverflow.com/jobs/308372
Cloud Software Engineer,Intel Corporation,"Hillsboro, OR",https://stackoverflow.com/jobs/530195
Expert / Senior Principal Methodology Statistician (MSTAT),Choose Your Challenge - Data Careers at Boehringer Ingelheim,"Biberach, Germany",https://stackoverflow.com/jobs/566203
"VP, Software Engineering",Canonical,No office location,https://stackoverflow.com/jobs/553806
DevOps / SRE Engineer (f/m/d),HeidelbergCement AG,"Heidelberg, Deutschland",https://stackoverflow.com/jobs/555115
Lead Data & Integration Engineer (HConnect) (f/m/d),HeidelbergCement AG,"Heidelberg, Deutschland",https://stackoverflow.com/jobs/537894
Big Data DevOps Engineer,Ultra Tendency,No office location,https://stackoverflow.com/jobs/556898
Site Reliability Engineer,HomeStars,No office location,https://stackoverflow.com/jobs/560072
Senior DevOps Engineer Consultant |  Full-time or Contract | Remote,Copado Strategic Services,No office location,https://stackoverflow.com/jobs/517961
Sr. Director SRE,Genesys,No office location,https://stackoverflow.com/jobs/552041
"Sr. Software Engineer, Machine Learning Infrastructure",Chan Zuckerberg Initiative,"Redwood City, CA",https://stackoverflow.com/jobs/565330
Data Scientist,AutoTrader,"Toronto, ON, Canada",https://stackoverflow.com/jobs/529015
Senior Data Analyst,komoot,No office location,https://stackoverflow.com/jobs/566227
Hyperscale Cloud Developer Advocate,Intel Corporation,"Hillsboro, OR",https://stackoverflow.com/jobs/528557
IT Service Management Practitioner,MITRE,"McLean, VA",https://stackoverflow.com/jobs/515350
Linux Kernel Engineer,Canonical,"Taipei, Taiwan",https://stackoverflow.com/jobs/454598
Senior DevOps Platform Delivery Engineer,MITRE,"McLean, VA",https://stackoverflow.com/jobs/528317
DevOps Engineer (m/w/d) | The Garage,Deloitte Deutschland,"Düsseldorf, Deutschland",https://stackoverflow.com/jobs/545252
DevOps Engineer (m/w/d),CIS Solutions GmbH,"Ismaning, Deutschland",https://stackoverflow.com/jobs/371069
Network Software Engineer,Intel Corporation,"Bengaluru, India",https://stackoverflow.com/jobs/539257
Embedded Linux Engineer,Canonical,No office location,https://stackoverflow.com/jobs/541320
DevOps Engineer  (Jede*r),tarent solutions GmbH,No office location,https://stackoverflow.com/jobs/555101
Senior DevOps Engineer,"Comscore, Inc.",No office location,https://stackoverflow.com/jobs/556770
Senior DevOps Practitioner,MITRE,"McLean, VA",https://stackoverflow.com/jobs/514496
Data Science and Analytics Engineer,MITRE,"McLean, VA",https://stackoverflow.com/jobs/523959
Software Engineering Manager - Canonical Fast Track,Canonical,No office location,https://stackoverflow.com/jobs/561984
Senior DevOps Engineer,Higher Logic,"Arlington, VA",https://stackoverflow.com/jobs/529128
Data Scientist – Network Analysis and Control,MITRE,"Bedford, MA",https://stackoverflow.com/jobs/515357
Data Engineer,Capital Group,"Irvine, CA",https://stackoverflow.com/jobs/558026
Machine Learning Engineer,"Betterup, Inc.",No office location,https://stackoverflow.com/jobs/523562
Expert / Senior Principal Methodology Statistician (MSTAT),Choose Your Challenge - Data Careers at Boehringer Ingelheim,"Biberach, Germany",https://stackoverflow.com/jobs/566203
Linux Kernel Engineer,Canonical,No office location,https://stackoverflow.com/jobs/544576
Cloud Infrastructure Engineer,Relay42,"Amsterdam, Netherlands",https://stackoverflow.com/jobs/407421
Lead DevOps / SRE Engineer (f/m/d),HeidelbergCement AG,"Heidelberg, Deutschland",https://stackoverflow.com/jobs/555118
Public Cloud Consultant,Canonical,No office location,https://stackoverflow.com/jobs/551198
Site Reliability Engineer - Terraform,SpotMe,No office location,https://stackoverflow.com/jobs/308372
Hyperscale Cloud Developer Advocate,Intel Corporation,"Hillsboro, OR",https://stackoverflow.com/jobs/528557
Senior DevOps Engineer - Data Operations,"Sailpoint Technologies, Inc.",No office location,https://stackoverflow.com/jobs/557351
Senior DevOps Engineer,"Comscore, Inc.",No office location,https://stackoverflow.com/jobs/556770
Cloud Engineer,Olo,No office location,https://stackoverflow.com/jobs/516558
Kubernetes Engineering Manager,Canonical,No office location,https://stackoverflow.com/jobs/551186
AI Solutions Architect,Intel Corporation,"Bengaluru, India",https://stackoverflow.com/jobs/539246
Embedded Linux Consulting Engineering Director,Canonical,No office location,https://stackoverflow.com/jobs/562923
Electrical Engineer,MITRE,"McLean, VA",https://stackoverflow.com/jobs/523954
Senior Architect,Capital Group,"Irvine, CA",https://stackoverflow.com/jobs/558027
Senior Solutions Architect/Data Architect,Intel Corporation,"Hillsboro, OR",https://stackoverflow.com/jobs/530028
Senior Cloud Software Services Architect,Intel Corporation,"Hillsboro, OR",https://stackoverflow.com/jobs/530190
"Site Reliability Engineer, Americas",Canonical,No office location,https://stackoverflow.com/jobs/454608
Senior DevOps Engineer,Ascensus,No office location,https://stackoverflow.com/jobs/525432
Site Reliability Engineering Manager,Canonical,No office location,https://stackoverflow.com/jobs/533163
Senior Software Engineer Backend,Drooms GmbH,"Frankfurt am Main, Deutschland",https://stackoverflow.com/jobs/530685
Senior Security Engineer - REMOTE,MUFG,No office location,https://stackoverflow.com/jobs/559444
"Cloud Engineer, AVP -Remote",MUFG,No office location,https://stackoverflow.com/jobs/559428
"Site Reliability Engineer, Americas",Canonical,No office location,https://stackoverflow.com/jobs/454608
Scala Engineer,Snowplow Analytics,No office location,https://stackoverflow.com/jobs/562416
Gruppchef inom data science,Säkerhetspolisen,"Stockholm, Sweden",https://stackoverflow.com/jobs/558998
Computer Scientist - Development Programs - Entry/ Mid-Level,National Security Agency,"Fort Meade, MD",https://stackoverflow.com/jobs/565896
Cyber Mitigations Analyst/System Vulnerability Analyst - Entry to Expert Level,National Security Agency,"Fort Meade, MD",https://stackoverflow.com/jobs/565898
Senior Software Engineer,ComplyAdvantage,"London, UK",https://stackoverflow.com/jobs/504650
Software Engineer,ComplyAdvantage,"London, UK",https://stackoverflow.com/jobs/527835
Full-Stack Junior Software Engineer,Automation Consultants,"Reading, UK",https://stackoverflow.com/jobs/516045
Software Engineer,Reaktor,"Lisboa, Portugal",https://stackoverflow.com/jobs/553136
Software Engineers,Lightmatter,No office location,https://stackoverflow.com/jobs/565756
Senior Software Engineers,Lightmatter,No office location,https://stackoverflow.com/jobs/523002
Head of Engineering (m/f/d),VEACT GmbH,"München, Deutschland",https://stackoverflow.com/jobs/538334
Senior Backend Developer (f/m/d),HOMELIKE INTERNET GmbH,"Köln, Deutschland",https://stackoverflow.com/jobs/522556
Senior Full Stack Engineer (Remote),Sector Labs,No office location,https://stackoverflow.com/jobs/517508
Junior Software Engineer im Firmenübergreifenden Trainee-Programm (100%),M&F Engineering AG,"Weiningen, Schweiz",https://stackoverflow.com/jobs/233263
Senior Software Engineer – Container Ecosystem,SUSE,No office location,https://stackoverflow.com/jobs/554241
Senior Full Stack Engineer,Sector Labs,"Cluj-Napoca, Romania",https://stackoverflow.com/jobs/517510
Senior Software Engineer (Go),HENNGE K.K.,"Tokyo, Japan",https://stackoverflow.com/jobs/555512
Senior Software Engineer,Slimmer AI,"Groningen, Netherlands",https://stackoverflow.com/jobs/561547
"Software Engineering Manager - Selection Domain, Core Order (w/m/d)",Delivery Hero SE,"Berlin, Germany",https://stackoverflow.com/jobs/562276
Sr. Software Engineer,SpaceX,"Hawthorne, CA",https://stackoverflow.com/jobs/562441
Platform Engineer,Octopus Energy,"Houston, TX",https://stackoverflow.com/jobs/531787
Deep Learning Engineer,SQUAD,"Kyiv, Ukraine",https://stackoverflow.com/jobs/518177
Sr. Software Engineer,SpaceX,"Hawthorne, CA",https://stackoverflow.com/jobs/562441
Engineering Technical Recruiter,QuantCo,"Berlin, Deutschland",https://stackoverflow.com/jobs/553016
Platform Engineer,Octopus Energy,"Houston, TX",https://stackoverflow.com/jobs/531787
Senior Data Engineer - Remote,Didomi,"Paris, France",https://stackoverflow.com/jobs/557607
Senior DevOps Engineer (Cloud Solutions),Coda Payments,No office location,https://stackoverflow.com/jobs/565675
Principal Java Engineer,Picnic,"Amsterdam, Netherlands",https://stackoverflow.com/jobs/559762
Data Corn (m/w/d),Breuninger GmbH & Co.,"Stuttgart, Deutschland",https://stackoverflow.com/jobs/432950
Engineering Manager,AMBOSS,"Berlin, Germany",https://stackoverflow.com/jobs/524863
"Interview Engineer (Remote, United Kingdom)",Karat.com,No office location,https://stackoverflow.com/jobs/565630
"Engineering Manager, Data Infrastructure",HubSpot,"Cambridge, MA",https://stackoverflow.com/jobs/504204
"Interview Engineer (Remote, Australia)",Karat.com,No office location,https://stackoverflow.com/jobs/565625
Integration App Product Engineer,SyncSmart.io (by LyntonWeb.com),No office location,https://stackoverflow.com/jobs/519804
"Interview Engineer (Remote, Germany)",Karat.com,No office location,https://stackoverflow.com/jobs/565627
"Interview Engineer (Remote, South Africa)",Karat.com,No office location,https://stackoverflow.com/jobs/565624
"Interview Engineer (Remote, Canada)",Karat.com,No office location,https://stackoverflow.com/jobs/565626
UX Designer (m/w/d) 100%,Gardena GmbH,"Zürich, Switzerland",https://stackoverflow.com/jobs/531444
Lead AI Engineer,Singapore Innovate Pte. Ltd,Singapore,https://stackoverflow.com/jobs/560743
Research Scientist,"Edgestream Partners, L.P.","Princeton, NJ",https://stackoverflow.com/jobs/518607
Engineering Manager (Data Insights),ComplyAdvantage,"London, UK",https://stackoverflow.com/jobs/528535
"Interview Engineer (Remote, Mexico)",Karat.com,No office location,https://stackoverflow.com/jobs/565629
"Interview Engineer (Remote, Israel)",Karat.com,No office location,https://stackoverflow.com/jobs/565628
Senior SOC Engineer,Open Systems AG,"Zürich, Switzerland",https://stackoverflow.com/jobs/548049
Scientific Applications Developer,DownUnder GeoSolutions Pty Ltd,"West Perth, Australia",https://stackoverflow.com/jobs/352726
NLP Developer,"Yaraku, Inc.",No office location,https://stackoverflow.com/jobs/286235
"Engineering Manager, Data Infrastructure",HubSpot,"Cambridge, MA",https://stackoverflow.com/jobs/504204
FCAS2021: Information System Solution Architect (d/m/f) (Open),AIRBUS,"Ottobrunn, Germany",https://stackoverflow.com/jobs/552343
Backend Developer with Cloud experience,Accenture Romania,No office location,https://stackoverflow.com/jobs/534721
Data Engineer (US Only),"Pie Insurance Holdings, Inc.",No office location,https://stackoverflow.com/jobs/545525
Machine Learning Technical Lead - E-commerce Risk Management,ByteDance,Singapore,https://stackoverflow.com/jobs/525174
Engineering Manager (Data Insights),ComplyAdvantage,"London, UK",https://stackoverflow.com/jobs/528535
Senior Data Engineer (US Only),"Pie Insurance Holdings, Inc.",No office location,https://stackoverflow.com/jobs/545526
